file,line,type,commit,author,date,time,timezone,datetime,depth,length
style.css,1,css,d3b0d7ed,Colin-Tran,2026-04-03,23:31:36,-07:00,2026-04-03T23:31:36-07:00,0,4
style.css,2,css,d3b0d7ed,Colin-Tran,2026-04-03,23:31:36,-07:00,2026-04-03T23:31:36-07:00,1,43
style.css,3,css,d3b0d7ed,Colin-Tran,2026-04-03,23:31:36,-07:00,2026-04-03T23:31:36-07:00,0,42
style.css,4,css,d784e5f7,Colin-Tran,2026-04-10,14:14:44,-07:00,2026-04-10T14:14:44-07:00,0,0
style.css,5,css,d3b0d7ed,Colin-Tran,2026-04-03,23:31:36,-07:00,2026-04-03T23:31:36-07:00,1,23
style.css,6,css,e292551e,Colin-Tran,2026-04-10,22:23:31,-07:00,2026-04-10T22:23:31-07:00,1,15
style.css,7,css,d784e5f7,Colin-Tran,2026-04-10,14:14:44,-07:00,2026-04-10T14:14:44-07:00,1,18
style.css,8,css,7d740565,Colin-Tran,2026-04-10,23:00:09,-07:00,2026-04-10T23:00:09-07:00,1,11
style.css,9,css,cab19aed,Colin-Tran,2026-04-10,22:28:52,-07:00,2026-04-10T22:28:52-07:00,1,32
style.css,10,css,d51459a0,Colin-Tran,2026-04-10,22:07:09,-07:00,2026-04-10T22:07:09-07:00,0,0
style.css,11,css,d51459a0,Colin-Tran,2026-04-10,22:07:09,-07:00,2026-04-10T22:07:09-07:00,0,0
style.css,12,css,0e3b49a8,Colin-Tran,2026-04-17,15:08:42,-07:00,2026-04-17T15:08:42-07:00,0,0
style.css,13,css,0e3b49a8,Colin-Tran,2026-04-17,15:08:42,-07:00,2026-04-17T15:08:42-07:00,0,13
style.css,14,css,0e3b49a8,Colin-Tran,2026-04-17,15:08:42,-07:00,2026-04-17T15:08:42-07:00,1,17
style.css,15,css,0e3b49a8,Colin-Tran,2026-04-17,15:08:42,-07:00,2026-04-17T15:08:42-07:00,1,8
style.css,16,css,0e3b49a8,Colin-Tran,2026-04-17,15:08:42,-07:00,2026-04-17T15:08:42-07:00,1,10
style.css,17,css,0e3b49a8,Colin-Tran,2026-04-17,15:08:42,-07:00,2026-04-17T15:08:42-07:00,1,15
style.css,18,css,0e3b49a8,Colin-Tran,2026-04-17,15:08:42,-07:00,2026-04-17T15:08:42-07:00,0,0
style.css,19,css,0e3b49a8,Colin-Tran,2026-04-17,15:08:42,-07:00,2026-04-17T15:08:42-07:00,0,0
style.css,20,css,0e3b49a8,Colin-Tran,2026-04-17,15:08:42,-07:00,2026-04-17T15:08:42-07:00,0,0
style.css,21,css,d51459a0,Colin-Tran,2026-04-10,22:07:09,-07:00,2026-04-10T22:07:09-07:00,0,3
style.css,22,css,0e3b49a8,Colin-Tran,2026-04-17,15:08:42,-07:00,2026-04-17T15:08:42-07:00,1,39
style.css,23,css,0e3b49a8,Colin-Tran,2026-04-17,15:08:42,-07:00,2026-04-17T15:08:42-07:00,1,41
style.css,24,css,d51459a0,Colin-Tran,2026-04-10,22:07:09,-07:00,2026-04-10T22:07:09-07:00,1,12
style.css,25,css,b29ad931,Colin-Tran,2026-04-10,22:16:46,-07:00,2026-04-10T22:16:46-07:00,1,18
style.css,26,css,0e3b49a8,Colin-Tran,2026-04-17,15:08:42,-07:00,2026-04-17T15:08:42-07:00,1,39
style.css,27,css,d51459a0,Colin-Tran,2026-04-10,22:07:09,-07:00,2026-04-10T22:07:09-07:00,0,0
style.css,28,css,d51459a0,Colin-Tran,2026-04-10,22:07:09,-07:00,2026-04-10T22:07:09-07:00,0,0
style.css,29,css,d51459a0,Colin-Tran,2026-04-10,22:07:09,-07:00,2026-04-10T22:07:09-07:00,0,5
style.css,30,css,d51459a0,Colin-Tran,2026-04-10,22:07:09,-07:00,2026-04-10T22:07:09-07:00,1,6
style.css,31,css,474211d4,Colin-Tran,2026-04-10,22:10:44,-07:00,2026-04-10T22:10:44-07:00,1,20
style.css,32,css,b29ad931,Colin-Tran,2026-04-10,22:16:46,-07:00,2026-04-10T22:16:46-07:00,1,13
style.css,33,css,b29ad931,Colin-Tran,2026-04-10,22:16:46,-07:00,2026-04-10T22:16:46-07:00,1,17
style.css,34,css,90ce014a,Colin-Tran,2026-04-10,22:30:32,-07:00,2026-04-10T22:30:32-07:00,1,13
style.css,35,css,b29ad931,Colin-Tran,2026-04-10,22:16:46,-07:00,2026-04-10T22:16:46-07:00,0,0
style.css,36,css,b29ad931,Colin-Tran,2026-04-10,22:16:46,-07:00,2026-04-10T22:16:46-07:00,0,0
style.css,37,css,b29ad931,Colin-Tran,2026-04-10,22:16:46,-07:00,2026-04-10T22:16:46-07:00,0,13
style.css,38,css,b29ad931,Colin-Tran,2026-04-10,22:16:46,-07:00,2026-04-10T22:16:46-07:00,1,43
style.css,39,css,b29ad931,Colin-Tran,2026-04-10,22:16:46,-07:00,2026-04-10T22:16:46-07:00,1,20
style.css,40,css,e292551e,Colin-Tran,2026-04-10,22:23:31,-07:00,2026-04-10T22:23:31-07:00,0,0
style.css,41,css,e292551e,Colin-Tran,2026-04-10,22:23:31,-07:00,2026-04-10T22:23:31-07:00,0,0
style.css,42,css,e292551e,Colin-Tran,2026-04-10,22:23:31,-07:00,2026-04-10T22:23:31-07:00,0,4
style.css,43,css,120b08f1,Colin-Tran,2026-04-10,22:30:45,-07:00,2026-04-10T22:30:45-07:00,1,31
style.css,44,css,0e3b49a8,Colin-Tran,2026-04-17,15:08:42,-07:00,2026-04-17T15:08:42-07:00,1,24
style.css,45,css,e292551e,Colin-Tran,2026-04-10,22:23:31,-07:00,2026-04-10T22:23:31-07:00,0,0
style.css,46,css,e292551e,Colin-Tran,2026-04-10,22:23:31,-07:00,2026-04-10T22:23:31-07:00,0,0
style.css,47,css,0a211c56,Colin-Tran,2026-04-10,22:25:43,-07:00,2026-04-10T22:25:43-07:00,0,11
style.css,48,css,0a211c56,Colin-Tran,2026-04-10,22:25:43,-07:00,2026-04-10T22:25:43-07:00,1,45
style.css,49,css,0e3b49a8,Colin-Tran,2026-04-17,15:08:42,-07:00,2026-04-17T15:08:42-07:00,1,63
style.css,50,css,0e3b49a8,Colin-Tran,2026-04-17,15:08:42,-07:00,2026-04-17T15:08:42-07:00,1,69
style.css,51,css,f4e73021,Colin-Tran,2026-04-10,22:34:51,-07:00,2026-04-10T22:34:51-07:00,0,0
style.css,52,css,f4e73021,Colin-Tran,2026-04-10,22:34:51,-07:00,2026-04-10T22:34:51-07:00,0,0
style.css,53,css,552b2780,Colin-Tran,2026-04-10,22:56:17,-07:00,2026-04-10T22:56:17-07:00,0,4
style.css,54,css,552b2780,Colin-Tran,2026-04-10,22:56:17,-07:00,2026-04-10T22:56:17-07:00,0,7
style.css,55,css,552b2780,Colin-Tran,2026-04-10,22:56:17,-07:00,2026-04-10T22:56:17-07:00,0,6
style.css,56,css,552b2780,Colin-Tran,2026-04-10,22:56:17,-07:00,2026-04-10T22:56:17-07:00,1,12
style.css,57,css,552b2780,Colin-Tran,2026-04-10,22:56:17,-07:00,2026-04-10T22:56:17-07:00,0,0
style.css,58,css,552b2780,Colin-Tran,2026-04-10,22:56:17,-07:00,2026-04-10T22:56:17-07:00,0,0
style.css,59,css,8cb4a063,Colin-Tran,2026-04-10,22:52:34,-07:00,2026-04-10T22:52:34-07:00,0,4
style.css,60,css,8cb4a063,Colin-Tran,2026-04-10,22:52:34,-07:00,2026-04-10T22:52:34-07:00,1,12
style.css,61,css,7d740565,Colin-Tran,2026-04-10,23:00:09,-07:00,2026-04-10T23:00:09-07:00,1,30
style.css,62,css,7d740565,Colin-Tran,2026-04-10,23:00:09,-07:00,2026-04-10T23:00:09-07:00,1,7
style.css,63,css,f4e73021,Colin-Tran,2026-04-10,22:34:51,-07:00,2026-04-10T22:34:51-07:00,0,0
style.css,64,css,f4e73021,Colin-Tran,2026-04-10,22:34:51,-07:00,2026-04-10T22:34:51-07:00,0,0
style.css,65,css,f1bed02f,Colin-Tran,2026-04-10,22:54:49,-07:00,2026-04-10T22:54:49-07:00,0,5
style.css,66,css,f1bed02f,Colin-Tran,2026-04-10,22:54:49,-07:00,2026-04-10T22:54:49-07:00,1,12
style.css,67,css,f1bed02f,Colin-Tran,2026-04-10,22:54:49,-07:00,2026-04-10T22:54:49-07:00,1,29
style.css,68,css,f1bed02f,Colin-Tran,2026-04-10,22:54:49,-07:00,2026-04-10T22:54:49-07:00,1,18
style.css,69,css,3d204cbc,Colin-Tran,2026-04-10,23:11:01,-07:00,2026-04-10T23:11:01-07:00,0,0
style.css,70,css,3d204cbc,Colin-Tran,2026-04-10,23:11:01,-07:00,2026-04-10T23:11:01-07:00,0,0
style.css,71,css,3d204cbc,Colin-Tran,2026-04-10,23:11:01,-07:00,2026-04-10T23:11:01-07:00,0,5
style.css,72,css,3d204cbc,Colin-Tran,2026-04-10,23:11:01,-07:00,2026-04-10T23:11:01-07:00,1,18
style.css,73,css,3d204cbc,Colin-Tran,2026-04-10,23:11:01,-07:00,2026-04-10T23:11:01-07:00,0,0
style.css,74,css,3d204cbc,Colin-Tran,2026-04-10,23:11:01,-07:00,2026-04-10T23:11:01-07:00,0,0
style.css,75,css,131c754d,Colin-Tran,2026-04-10,23:39:19,-07:00,2026-04-10T23:39:19-07:00,0,19
style.css,76,css,131c754d,Colin-Tran,2026-04-10,23:39:19,-07:00,2026-04-10T23:39:19-07:00,0,0
style.css,77,css,3d204cbc,Colin-Tran,2026-04-10,23:11:01,-07:00,2026-04-10T23:11:01-07:00,0,9
style.css,78,css,3d204cbc,Colin-Tran,2026-04-10,23:11:01,-07:00,2026-04-10T23:11:01-07:00,1,12
style.css,79,css,e0ca9a7b,Colin-Tran,2026-04-24,23:55:52,-07:00,2026-04-24T23:55:52-07:00,1,58
style.css,80,css,9dd699ce,Colin-Tran,2026-04-10,23:38:29,-07:00,2026-04-10T23:38:29-07:00,1,7
style.css,81,css,3d204cbc,Colin-Tran,2026-04-10,23:11:01,-07:00,2026-04-10T23:11:01-07:00,0,0
style.css,82,css,7a6bae22,Colin-Tran,2026-04-10,23:20:15,-07:00,2026-04-10T23:20:15-07:00,0,0
style.css,83,css,64f42a09,Colin-Tran,2026-04-10,23:37:26,-07:00,2026-04-10T23:37:26-07:00,0,17
style.css,84,css,c90c6c10,Colin-Tran,2026-04-10,23:36:54,-07:00,2026-04-10T23:36:54-07:00,1,12
style.css,85,css,7a6bae22,Colin-Tran,2026-04-10,23:20:15,-07:00,2026-04-10T23:20:15-07:00,1,26
style.css,86,css,7a6bae22,Colin-Tran,2026-04-10,23:20:15,-07:00,2026-04-10T23:20:15-07:00,1,15
style.css,87,css,7a6bae22,Colin-Tran,2026-04-10,23:20:15,-07:00,2026-04-10T23:20:15-07:00,1,7
style.css,88,css,7a6bae22,Colin-Tran,2026-04-10,23:20:15,-07:00,2026-04-10T23:20:15-07:00,0,0
style.css,89,css,7a6bae22,Colin-Tran,2026-04-10,23:20:15,-07:00,2026-04-10T23:20:15-07:00,0,0
style.css,90,css,7a6bae22,Colin-Tran,2026-04-10,23:20:15,-07:00,2026-04-10T23:20:15-07:00,0,12
style.css,91,css,7a6bae22,Colin-Tran,2026-04-10,23:20:15,-07:00,2026-04-10T23:20:15-07:00,1,8
style.css,92,css,e0ca9a7b,Colin-Tran,2026-04-24,23:55:52,-07:00,2026-04-24T23:55:52-07:00,1,21
style.css,93,css,e0ca9a7b,Colin-Tran,2026-04-24,23:55:52,-07:00,2026-04-24T23:55:52-07:00,0,0
style.css,94,css,e0ca9a7b,Colin-Tran,2026-04-24,23:55:52,-07:00,2026-04-24T23:55:52-07:00,0,0
style.css,95,css,e0ca9a7b,Colin-Tran,2026-04-24,23:55:52,-07:00,2026-04-24T23:55:52-07:00,0,13
style.css,96,css,e0ca9a7b,Colin-Tran,2026-04-24,23:55:52,-07:00,2026-04-24T23:55:52-07:00,1,10
style.css,97,css,e0ca9a7b,Colin-Tran,2026-04-24,23:55:52,-07:00,2026-04-24T23:55:52-07:00,1,11
style.css,98,css,e0ca9a7b,Colin-Tran,2026-04-24,23:55:52,-07:00,2026-04-24T23:55:52-07:00,1,13
style.css,99,css,ff17af91,Colin-Tran,2026-04-10,23:21:17,-07:00,2026-04-10T23:21:17-07:00,0,0
style.css,100,css,ff17af91,Colin-Tran,2026-04-10,23:21:17,-07:00,2026-04-10T23:21:17-07:00,0,0
style.css,101,css,ff17af91,Colin-Tran,2026-04-10,23:21:17,-07:00,2026-04-10T23:21:17-07:00,0,2
style.css,102,css,ff17af91,Colin-Tran,2026-04-10,23:21:17,-07:00,2026-04-10T23:21:17-07:00,1,14
style.css,103,css,ff17af91,Colin-Tran,2026-04-10,23:21:17,-07:00,2026-04-10T23:21:17-07:00,0,0
style.css,104,css,ff17af91,Colin-Tran,2026-04-10,23:21:17,-07:00,2026-04-10T23:21:17-07:00,0,0
style.css,105,css,ff17af91,Colin-Tran,2026-04-10,23:21:17,-07:00,2026-04-10T23:21:17-07:00,0,1
style.css,106,css,ff17af91,Colin-Tran,2026-04-10,23:21:17,-07:00,2026-04-10T23:21:17-07:00,0,1
style.css,107,css,ff17af91,Colin-Tran,2026-04-10,23:21:17,-07:00,2026-04-10T23:21:17-07:00,0,1
style.css,108,css,ff17af91,Colin-Tran,2026-04-10,23:21:17,-07:00,2026-04-10T23:21:17-07:00,0,1
style.css,109,css,ff17af91,Colin-Tran,2026-04-10,23:21:17,-07:00,2026-04-10T23:21:17-07:00,0,1
style.css,110,css,ff17af91,Colin-Tran,2026-04-10,23:21:17,-07:00,2026-04-10T23:21:17-07:00,0,2
style.css,111,css,ff17af91,Colin-Tran,2026-04-10,23:21:17,-07:00,2026-04-10T23:21:17-07:00,1,15
style.css,112,css,ff17af91,Colin-Tran,2026-04-10,23:21:17,-07:00,2026-04-10T23:21:17-07:00,1,17
style.css,113,css,ff17af91,Colin-Tran,2026-04-10,23:21:17,-07:00,2026-04-10T23:21:17-07:00,0,0
style.css,114,css,ff17af91,Colin-Tran,2026-04-10,23:21:17,-07:00,2026-04-10T23:21:17-07:00,0,0
style.css,115,css,ff17af91,Colin-Tran,2026-04-10,23:21:17,-07:00,2026-04-10T23:21:17-07:00,0,12
style.css,116,css,ff17af91,Colin-Tran,2026-04-10,23:21:17,-07:00,2026-04-10T23:21:17-07:00,1,8
style.css,117,css,ff17af91,Colin-Tran,2026-04-10,23:21:17,-07:00,2026-04-10T23:21:17-07:00,0,0
style.css,118,css,8218062e,Colin-Tran,2026-04-10,23:23:43,-07:00,2026-04-10T23:23:43-07:00,0,0
style.css,119,css,131c754d,Colin-Tran,2026-04-10,23:39:19,-07:00,2026-04-10T23:39:19-07:00,0,18
style.css,120,css,8218062e,Colin-Tran,2026-04-10,23:23:43,-07:00,2026-04-10T23:23:43-07:00,0,11
style.css,121,css,8218062e,Colin-Tran,2026-04-10,23:23:43,-07:00,2026-04-10T23:23:43-07:00,1,18
style.css,122,css,8218062e,Colin-Tran,2026-04-10,23:23:43,-07:00,2026-04-10T23:23:43-07:00,0,0
style.css,123,css,8218062e,Colin-Tran,2026-04-10,23:23:43,-07:00,2026-04-10T23:23:43-07:00,0,0
style.css,124,css,8218062e,Colin-Tran,2026-04-10,23:23:43,-07:00,2026-04-10T23:23:43-07:00,0,15
style.css,125,css,8218062e,Colin-Tran,2026-04-10,23:23:43,-07:00,2026-04-10T23:23:43-07:00,1,16
style.css,126,css,8218062e,Colin-Tran,2026-04-10,23:23:43,-07:00,2026-04-10T23:23:43-07:00,0,0
style.css,127,css,8218062e,Colin-Tran,2026-04-10,23:23:43,-07:00,2026-04-10T23:23:43-07:00,0,0
style.css,128,css,ee9833ba,Colin-Tran,2026-04-10,23:45:19,-07:00,2026-04-10T23:45:19-07:00,0,10
style.css,129,css,8218062e,Colin-Tran,2026-04-10,23:23:43,-07:00,2026-04-10T23:23:43-07:00,1,41
style.css,130,css,54cad505,Colin-Tran,2026-04-10,23:41:57,-07:00,2026-04-10T23:41:57-07:00,1,20
style.css,131,css,8218062e,Colin-Tran,2026-04-10,23:23:43,-07:00,2026-04-10T23:23:43-07:00,1,20
style.css,132,css,8218062e,Colin-Tran,2026-04-10,23:23:43,-07:00,2026-04-10T23:23:43-07:00,0,0
style.css,133,css,8218062e,Colin-Tran,2026-04-10,23:23:43,-07:00,2026-04-10T23:23:43-07:00,0,0
style.css,134,css,8218062e,Colin-Tran,2026-04-10,23:23:43,-07:00,2026-04-10T23:23:43-07:00,0,15
style.css,135,css,8218062e,Colin-Tran,2026-04-10,23:23:43,-07:00,2026-04-10T23:23:43-07:00,1,16
style.css,136,css,8218062e,Colin-Tran,2026-04-10,23:23:43,-07:00,2026-04-10T23:23:43-07:00,0,0
style.css,137,css,8218062e,Colin-Tran,2026-04-10,23:23:43,-07:00,2026-04-10T23:23:43-07:00,0,0
style.css,138,css,8218062e,Colin-Tran,2026-04-10,23:23:43,-07:00,2026-04-10T23:23:43-07:00,0,12
style.css,139,css,8218062e,Colin-Tran,2026-04-10,23:23:43,-07:00,2026-04-10T23:23:43-07:00,1,13
style.css,140,css,8218062e,Colin-Tran,2026-04-10,23:23:43,-07:00,2026-04-10T23:23:43-07:00,1,13
style.css,141,css,8218062e,Colin-Tran,2026-04-10,23:23:43,-07:00,2026-04-10T23:23:43-07:00,1,13
style.css,142,css,8218062e,Colin-Tran,2026-04-10,23:23:43,-07:00,2026-04-10T23:23:43-07:00,1,19
style.css,143,css,e0ca9a7b,Colin-Tran,2026-04-24,23:55:52,-07:00,2026-04-24T23:55:52-07:00,0,0
style.css,144,css,e0ca9a7b,Colin-Tran,2026-04-24,23:55:52,-07:00,2026-04-24T23:55:52-07:00,0,0
style.css,145,css,e0ca9a7b,Colin-Tran,2026-04-24,23:55:52,-07:00,2026-04-24T23:55:52-07:00,0,17
style.css,146,css,e0ca9a7b,Colin-Tran,2026-04-24,23:55:52,-07:00,2026-04-24T23:55:52-07:00,1,12
style.css,147,css,e0ca9a7b,Colin-Tran,2026-04-24,23:55:52,-07:00,2026-04-24T23:55:52-07:00,1,36
style.css,148,css,e0ca9a7b,Colin-Tran,2026-04-24,23:55:52,-07:00,2026-04-24T23:55:52-07:00,1,17
style.css,149,css,e0ca9a7b,Colin-Tran,2026-04-24,23:55:52,-07:00,2026-04-24T23:55:52-07:00,1,9
style.css,150,css,e0ca9a7b,Colin-Tran,2026-04-24,23:55:52,-07:00,2026-04-24T23:55:52-07:00,0,0
style.css,151,css,e0ca9a7b,Colin-Tran,2026-04-24,23:55:52,-07:00,2026-04-24T23:55:52-07:00,0,0
style.css,152,css,e0ca9a7b,Colin-Tran,2026-04-24,23:55:52,-07:00,2026-04-24T23:55:52-07:00,0,17
style.css,153,css,e0ca9a7b,Colin-Tran,2026-04-24,23:55:52,-07:00,2026-04-24T23:55:52-07:00,1,10
style.css,154,css,e0ca9a7b,Colin-Tran,2026-04-24,23:55:52,-07:00,2026-04-24T23:55:52-07:00,1,16
style.css,155,css,e0ca9a7b,Colin-Tran,2026-04-24,23:55:52,-07:00,2026-04-24T23:55:52-07:00,1,15
style.css,156,css,e0ca9a7b,Colin-Tran,2026-04-24,23:55:52,-07:00,2026-04-24T23:55:52-07:00,1,49
style.css,157,css,e0ca9a7b,Colin-Tran,2026-04-24,23:55:52,-07:00,2026-04-24T23:55:52-07:00,0,0
style.css,158,css,e0ca9a7b,Colin-Tran,2026-04-24,23:55:52,-07:00,2026-04-24T23:55:52-07:00,0,0
style.css,159,css,e0ca9a7b,Colin-Tran,2026-04-24,23:55:52,-07:00,2026-04-24T23:55:52-07:00,0,17
style.css,160,css,e0ca9a7b,Colin-Tran,2026-04-24,23:55:52,-07:00,2026-04-24T23:55:52-07:00,1,10
style.css,161,css,e0ca9a7b,Colin-Tran,2026-04-24,23:55:52,-07:00,2026-04-24T23:55:52-07:00,1,8
style.css,162,css,e0ca9a7b,Colin-Tran,2026-04-24,23:55:52,-07:00,2026-04-24T23:55:52-07:00,1,15
style.css,163,css,7a755594,Colin-Tran,2026-05-01,19:13:09,-07:00,2026-05-01T19:13:09-07:00,0,0
style.css,164,css,7a755594,Colin-Tran,2026-05-01,19:13:09,-07:00,2026-05-01T19:13:09-07:00,0,0
style.css,165,css,7a755594,Colin-Tran,2026-05-01,19:13:09,-07:00,2026-05-01T19:13:09-07:00,0,13
style.css,166,css,7a755594,Colin-Tran,2026-05-01,19:13:09,-07:00,2026-05-01T19:13:09-07:00,1,49
style.css,167,css,7a755594,Colin-Tran,2026-05-01,19:13:09,-07:00,2026-05-01T19:13:09-07:00,1,34
style.css,168,css,7a755594,Colin-Tran,2026-05-01,19:13:09,-07:00,2026-05-01T19:13:09-07:00,1,15
style.css,169,css,402dc5a1,Colin-Tran,2026-05-01,19:15:11,-07:00,2026-05-01T19:15:11-07:00,0,0
style.css,170,css,402dc5a1,Colin-Tran,2026-05-01,19:15:11,-07:00,2026-05-01T19:15:11-07:00,0,0
style.css,171,css,402dc5a1,Colin-Tran,2026-05-01,19:15:11,-07:00,2026-05-01T19:15:11-07:00,0,18
style.css,172,css,402dc5a1,Colin-Tran,2026-05-01,19:15:11,-07:00,2026-05-01T19:15:11-07:00,1,14
style.css,173,css,402dc5a1,Colin-Tran,2026-05-01,19:15:11,-07:00,2026-05-01T19:15:11-07:00,1,16
style.css,174,css,402dc5a1,Colin-Tran,2026-05-01,19:15:11,-07:00,2026-05-01T19:15:11-07:00,0,0
style.css,175,css,402dc5a1,Colin-Tran,2026-05-01,19:15:11,-07:00,2026-05-01T19:15:11-07:00,1,16
style.css,176,css,d4b47aad,Colin-Tran,2026-05-01,19:58:17,-07:00,2026-05-01T19:58:17-07:00,0,0
style.css,177,css,d4b47aad,Colin-Tran,2026-05-01,19:58:17,-07:00,2026-05-01T19:58:17-07:00,0,0
style.css,178,css,e8ca2dba,Colin-Tran,2026-05-01,20:58:45,-07:00,2026-05-01T20:58:45-07:00,0,18
style.css,179,css,e8ca2dba,Colin-Tran,2026-05-01,20:58:45,-07:00,2026-05-01T20:58:45-07:00,0,7
style.css,180,css,e8ca2dba,Colin-Tran,2026-05-01,20:58:45,-07:00,2026-05-01T20:58:45-07:00,1,12
style.css,181,css,e8ca2dba,Colin-Tran,2026-05-01,20:58:45,-07:00,2026-05-01T20:58:45-07:00,1,57
style.css,182,css,e8ca2dba,Colin-Tran,2026-05-01,20:58:45,-07:00,2026-05-01T20:58:45-07:00,1,7
style.css,183,css,e8ca2dba,Colin-Tran,2026-05-01,20:58:45,-07:00,2026-05-01T20:58:45-07:00,0,0
style.css,184,css,e8ca2dba,Colin-Tran,2026-05-01,20:58:45,-07:00,2026-05-01T20:58:45-07:00,1,15
style.css,185,css,e8ca2dba,Colin-Tran,2026-05-01,20:58:45,-07:00,2026-05-01T20:58:45-07:00,1,11
style.css,186,css,e8ca2dba,Colin-Tran,2026-05-01,20:58:45,-07:00,2026-05-01T20:58:45-07:00,1,16
style.css,187,css,e8ca2dba,Colin-Tran,2026-05-01,20:58:45,-07:00,2026-05-01T20:58:45-07:00,0,0
style.css,188,css,e8ca2dba,Colin-Tran,2026-05-01,20:58:45,-07:00,2026-05-01T20:58:45-07:00,1,72
style.css,189,css,e8ca2dba,Colin-Tran,2026-05-01,20:58:45,-07:00,2026-05-01T20:58:45-07:00,1,6
style.css,190,css,e8ca2dba,Colin-Tran,2026-05-01,20:58:45,-07:00,2026-05-01T20:58:45-07:00,0,0
style.css,191,css,e8ca2dba,Colin-Tran,2026-05-01,20:58:45,-07:00,2026-05-01T20:58:45-07:00,0,0
style.css,192,css,e8ca2dba,Colin-Tran,2026-05-01,20:58:45,-07:00,2026-05-01T20:58:45-07:00,0,12
style.css,193,css,e8ca2dba,Colin-Tran,2026-05-01,20:58:45,-07:00,2026-05-01T20:58:45-07:00,1,12
style.css,194,css,e8ca2dba,Colin-Tran,2026-05-01,20:58:45,-07:00,2026-05-01T20:58:45-07:00,1,18
style.css,195,css,e8ca2dba,Colin-Tran,2026-05-01,20:58:45,-07:00,2026-05-01T20:58:45-07:00,1,9
style.css,196,css,e8ca2dba,Colin-Tran,2026-05-01,20:58:45,-07:00,2026-05-01T20:58:45-07:00,0,0
style.css,197,css,e8ca2dba,Colin-Tran,2026-05-01,20:58:45,-07:00,2026-05-01T20:58:45-07:00,0,0
style.css,198,css,e8ca2dba,Colin-Tran,2026-05-01,20:58:45,-07:00,2026-05-01T20:58:45-07:00,0,7
style.css,199,css,e8ca2dba,Colin-Tran,2026-05-01,20:58:45,-07:00,2026-05-01T20:58:45-07:00,1,19
style.css,200,css,e8ca2dba,Colin-Tran,2026-05-01,20:58:45,-07:00,2026-05-01T20:58:45-07:00,1,9
style.css,201,css,e8ca2dba,Colin-Tran,2026-05-01,20:58:45,-07:00,2026-05-01T20:58:45-07:00,1,18
style.css,202,css,e8ca2dba,Colin-Tran,2026-05-01,20:58:45,-07:00,2026-05-01T20:58:45-07:00,1,29
style.css,203,css,e8ca2dba,Colin-Tran,2026-05-01,20:58:45,-07:00,2026-05-01T20:58:45-07:00,1,17
style.css,204,css,e8ca2dba,Colin-Tran,2026-05-01,20:58:45,-07:00,2026-05-01T20:58:45-07:00,0,0
style.css,205,css,e8ca2dba,Colin-Tran,2026-05-01,20:58:45,-07:00,2026-05-01T20:58:45-07:00,0,0
style.css,206,css,e8ca2dba,Colin-Tran,2026-05-01,20:58:45,-07:00,2026-05-01T20:58:45-07:00,0,10
style.css,207,css,e8ca2dba,Colin-Tran,2026-05-01,20:58:45,-07:00,2026-05-01T20:58:45-07:00,1,12
style.css,208,css,e8ca2dba,Colin-Tran,2026-05-01,20:58:45,-07:00,2026-05-01T20:58:45-07:00,1,18
style.css,209,css,e8ca2dba,Colin-Tran,2026-05-01,20:58:45,-07:00,2026-05-01T20:58:45-07:00,1,7
style.css,210,css,e8ca2dba,Colin-Tran,2026-05-01,20:58:45,-07:00,2026-05-01T20:58:45-07:00,0,0
style.css,211,css,e8ca2dba,Colin-Tran,2026-05-01,20:58:45,-07:00,2026-05-01T20:58:45-07:00,0,0
style.css,212,css,cfc4f806,Colin-Tran,2026-05-01,22:00:23,-07:00,2026-05-01T22:00:23-07:00,0,25
style.css,213,css,cfc4f806,Colin-Tran,2026-05-01,22:00:23,-07:00,2026-05-01T22:00:23-07:00,0,0
style.css,214,css,cfc4f806,Colin-Tran,2026-05-01,22:00:23,-07:00,2026-05-01T22:00:23-07:00,0,17
style.css,215,css,cfc4f806,Colin-Tran,2026-05-01,22:00:23,-07:00,2026-05-01T22:00:23-07:00,1,16
style.css,216,css,cfc4f806,Colin-Tran,2026-05-01,22:00:23,-07:00,2026-05-01T22:00:23-07:00,2,11
style.css,217,css,cfc4f806,Colin-Tran,2026-05-01,22:00:23,-07:00,2026-05-01T22:00:23-07:00,1,0
style.css,218,css,cfc4f806,Colin-Tran,2026-05-01,22:00:23,-07:00,2026-05-01T22:00:23-07:00,0,0
style.css,219,css,cfc4f806,Colin-Tran,2026-05-01,22:00:23,-07:00,2026-05-01T22:00:23-07:00,0,0
style.css,220,css,cfc4f806,Colin-Tran,2026-05-01,22:00:23,-07:00,2026-05-01T22:00:23-07:00,0,4
style.css,221,css,cfc4f806,Colin-Tran,2026-05-01,22:00:23,-07:00,2026-05-01T22:00:23-07:00,1,16
style.css,222,css,cfc4f806,Colin-Tran,2026-05-01,22:00:23,-07:00,2026-05-01T22:00:23-07:00,0,0
style.css,223,css,cfc4f806,Colin-Tran,2026-05-01,22:00:23,-07:00,2026-05-01T22:00:23-07:00,0,0
style.css,224,css,cfc4f806,Colin-Tran,2026-05-01,22:00:23,-07:00,2026-05-01T22:00:23-07:00,0,9
style.css,225,css,cfc4f806,Colin-Tran,2026-05-01,22:00:23,-07:00,2026-05-01T22:00:23-07:00,1,35
style.css,226,css,cfc4f806,Colin-Tran,2026-05-01,22:00:23,-07:00,2026-05-01T22:00:23-07:00,0,0
style.css,227,css,cfc4f806,Colin-Tran,2026-05-01,22:00:23,-07:00,2026-05-01T22:00:23-07:00,0,0
style.css,228,css,cfc4f806,Colin-Tran,2026-05-01,22:00:23,-07:00,2026-05-01T22:00:23-07:00,0,13
style.css,229,css,cfc4f806,Colin-Tran,2026-05-01,22:00:23,-07:00,2026-05-01T22:00:23-07:00,1,17
style.css,230,css,cfc4f806,Colin-Tran,2026-05-01,22:00:23,-07:00,2026-05-01T22:00:23-07:00,0,0
style.css,231,css,cfc4f806,Colin-Tran,2026-05-01,22:00:23,-07:00,2026-05-01T22:00:23-07:00,0,0
style.css,232,css,cfc4f806,Colin-Tran,2026-05-01,22:00:23,-07:00,2026-05-01T22:00:23-07:00,0,21
style.css,233,css,cfc4f806,Colin-Tran,2026-05-01,22:00:23,-07:00,2026-05-01T22:00:23-07:00,1,16
style.css,234,css,cfc4f806,Colin-Tran,2026-05-01,22:00:23,-07:00,2026-05-01T22:00:23-07:00,0,0
style.css,235,css,cfc4f806,Colin-Tran,2026-05-01,22:00:23,-07:00,2026-05-01T22:00:23-07:00,0,0
style.css,236,css,cfc4f806,Colin-Tran,2026-05-01,22:00:23,-07:00,2026-05-01T22:00:23-07:00,0,29
style.css,237,css,cfc4f806,Colin-Tran,2026-05-01,22:00:23,-07:00,2026-05-01T22:00:23-07:00,1,29
style.css,238,css,cfc4f806,Colin-Tran,2026-05-01,22:00:23,-07:00,2026-05-01T22:00:23-07:00,0,0
index.js,1,js,e0ca9a7b,Colin-Tran,2026-04-24,23:55:52,-07:00,2026-04-24T23:55:52-07:00,0,131
index.js,2,js,e0ca9a7b,Colin-Tran,2026-04-24,23:55:52,-07:00,2026-04-24T23:55:52-07:00,0,0
index.js,3,js,e0ca9a7b,Colin-Tran,2026-04-24,23:55:52,-07:00,2026-04-24T23:55:52-07:00,0,54
index.js,4,js,e0ca9a7b,Colin-Tran,2026-04-24,23:55:52,-07:00,2026-04-24T23:55:52-07:00,0,42
index.js,5,js,e0ca9a7b,Colin-Tran,2026-04-24,23:55:52,-07:00,2026-04-24T23:55:52-07:00,0,0
index.js,6,js,e0ca9a7b,Colin-Tran,2026-04-24,23:55:52,-07:00,2026-04-24T23:55:52-07:00,0,60
index.js,7,js,e0ca9a7b,Colin-Tran,2026-04-24,23:55:52,-07:00,2026-04-24T23:55:52-07:00,0,0
index.js,8,js,e0ca9a7b,Colin-Tran,2026-04-24,23:55:52,-07:00,2026-04-24T23:55:52-07:00,0,54
index.js,9,js,e0ca9a7b,Colin-Tran,2026-04-24,23:55:52,-07:00,2026-04-24T23:55:52-07:00,0,0
index.js,10,js,e0ca9a7b,Colin-Tran,2026-04-24,23:55:52,-07:00,2026-04-24T23:55:52-07:00,0,53
index.js,11,js,e0ca9a7b,Colin-Tran,2026-04-24,23:55:52,-07:00,2026-04-24T23:55:52-07:00,0,0
index.js,12,js,e0ca9a7b,Colin-Tran,2026-04-24,23:55:52,-07:00,2026-04-24T23:55:52-07:00,0,60
index.js,13,js,e0ca9a7b,Colin-Tran,2026-04-24,23:55:52,-07:00,2026-04-24T23:55:52-07:00,0,0
index.js,14,js,e0ca9a7b,Colin-Tran,2026-04-24,23:55:52,-07:00,2026-04-24T23:55:52-07:00,0,17
index.js,15,js,e0ca9a7b,Colin-Tran,2026-04-24,23:55:52,-07:00,2026-04-24T23:55:52-07:00,1,24
index.js,16,js,e0ca9a7b,Colin-Tran,2026-04-24,23:55:52,-07:00,2026-04-24T23:55:52-07:00,4,2
index.js,17,js,e0ca9a7b,Colin-Tran,2026-04-24,23:55:52,-07:00,2026-04-24T23:55:52-07:00,5,55
index.js,18,js,e0ca9a7b,Colin-Tran,2026-04-24,23:55:52,-07:00,2026-04-24T23:55:52-07:00,5,55
index.js,19,js,e0ca9a7b,Colin-Tran,2026-04-24,23:55:52,-07:00,2026-04-24T23:55:52-07:00,5,49
index.js,20,js,e0ca9a7b,Colin-Tran,2026-04-24,23:55:52,-07:00,2026-04-24T23:55:52-07:00,5,49
index.js,21,js,e0ca9a7b,Colin-Tran,2026-04-24,23:55:52,-07:00,2026-04-24T23:55:52-07:00,4,3
index.js,22,js,e0ca9a7b,Colin-Tran,2026-04-24,23:55:52,-07:00,2026-04-24T23:55:52-07:00,2,0
index.js,23,js,e0ca9a7b,Colin-Tran,2026-04-24,23:55:52,-07:00,2026-04-24T23:55:52-07:00,0,0
index.html,1,html,4936418,Colin-Tran,2026-04-03,23:19:47,-07:00,2026-04-03T23:19:47-07:00,0,13
index.html,2,html,4936418,Colin-Tran,2026-04-03,23:19:47,-07:00,2026-04-03T23:19:47-07:00,0,14
index.html,3,html,4936418,Colin-Tran,2026-04-03,23:19:47,-07:00,2026-04-03T23:19:47-07:00,0,4
index.html,4,html,4936418,Colin-Tran,2026-04-03,23:19:47,-07:00,2026-04-03T23:19:47-07:00,2,20
index.html,5,html,4936418,Colin-Tran,2026-04-03,23:19:47,-07:00,2026-04-03T23:19:47-07:00,2,68
index.html,6,html,4936418,Colin-Tran,2026-04-03,23:19:47,-07:00,2026-04-03T23:19:47-07:00,2,52
index.html,7,html,d3b0d7ed,Colin-Tran,2026-04-03,23:31:36,-07:00,2026-04-03T23:31:36-07:00,2,38
index.html,8,html,cdc80e50,Colin-Tran,2026-04-15,18:18:12,-07:00,2026-04-15T18:18:12-07:00,2,45
index.html,9,html,e0ca9a7b,Colin-Tran,2026-04-24,23:55:52,-07:00,2026-04-24T23:55:52-07:00,2,50
index.html,10,html,4936418,Colin-Tran,2026-04-03,23:19:47,-07:00,2026-04-03T23:19:47-07:00,0,5
index.html,11,html,4936418,Colin-Tran,2026-04-03,23:19:47,-07:00,2026-04-03T23:19:47-07:00,0,4
index.html,12,html,d3b0d7ed,Colin-Tran,2026-04-03,23:31:36,-07:00,2026-04-03T23:31:36-07:00,0,0
index.html,13,html,4936418,Colin-Tran,2026-04-03,23:19:47,-07:00,2026-04-03T23:19:47-07:00,2,17
index.html,14,html,81c1f9f8,Colin-Tran,2026-04-03,23:21:24,-07:00,2026-04-03T23:21:24-07:00,2,141
index.html,15,html,d3b0d7ed,Colin-Tran,2026-04-03,23:31:36,-07:00,2026-04-03T23:31:36-07:00,2,65
index.html,16,html,e0ca9a7b,Colin-Tran,2026-04-24,23:55:52,-07:00,2026-04-24T23:55:52-07:00,2,0
index.html,17,html,e0ca9a7b,Colin-Tran,2026-04-24,23:55:52,-07:00,2026-04-24T23:55:52-07:00,0,0
index.html,18,html,e0ca9a7b,Colin-Tran,2026-04-24,23:55:52,-07:00,2026-04-24T23:55:52-07:00,2,28
index.html,19,html,e0ca9a7b,Colin-Tran,2026-04-24,23:55:52,-07:00,2026-04-24T23:55:52-07:00,0,0
index.html,20,html,e0ca9a7b,Colin-Tran,2026-04-24,23:55:52,-07:00,2026-04-24T23:55:52-07:00,2,0
index.html,21,html,e0ca9a7b,Colin-Tran,2026-04-24,23:55:52,-07:00,2026-04-24T23:55:52-07:00,2,22
index.html,22,html,e0ca9a7b,Colin-Tran,2026-04-24,23:55:52,-07:00,2026-04-24T23:55:52-07:00,2,20
index.html,23,html,e0ca9a7b,Colin-Tran,2026-04-24,23:55:52,-07:00,2026-04-24T23:55:52-07:00,2,49
index.html,24,html,e0ca9a7b,Colin-Tran,2026-04-24,23:55:52,-07:00,2026-04-24T23:55:52-07:00,2,4
index.html,25,html,e0ca9a7b,Colin-Tran,2026-04-24,23:55:52,-07:00,2026-04-24T23:55:52-07:00,0,0
index.html,26,html,d3b0d7ed,Colin-Tran,2026-04-03,23:31:36,-07:00,2026-04-03T23:31:36-07:00,0,0
index.html,27,html,4936418,Colin-Tran,2026-04-03,23:19:47,-07:00,2026-04-03T23:19:47-07:00,0,5
index.html,28,html,4936418,Colin-Tran,2026-04-03,23:19:47,-07:00,2026-04-03T23:19:47-07:00,0,5
global.js,1,js,cdc80e50,Colin-Tran,2026-04-15,18:18:12,-07:00,2026-04-15T18:18:12-07:00,0,25
global.js,2,js,cdc80e50,Colin-Tran,2026-04-15,18:18:12,-07:00,2026-04-15T18:18:12-07:00,0,0
global.js,3,js,cdc80e50,Colin-Tran,2026-04-15,18:18:12,-07:00,2026-04-15T18:18:12-07:00,0,41
global.js,4,js,cdc80e50,Colin-Tran,2026-04-15,18:18:12,-07:00,2026-04-15T18:18:12-07:00,1,52
global.js,5,js,e0f5f5d9,Colin-Tran,2026-04-15,18:29:03,-07:00,2026-04-15T18:29:03-07:00,0,0
global.js,6,js,e0f5f5d9,Colin-Tran,2026-04-15,18:29:03,-07:00,2026-04-15T18:29:03-07:00,0,0
global.js,7,js,e0d75b08,Colin-Tran,2026-04-17,14:38:38,-07:00,2026-04-17T14:38:38-07:00,0,28
global.js,8,js,e0f5f5d9,Colin-Tran,2026-04-15,18:29:03,-07:00,2026-04-15T18:29:03-07:00,0,0
global.js,9,js,e0d75b08,Colin-Tran,2026-04-17,14:38:38,-07:00,2026-04-17T14:38:38-07:00,0,33
global.js,10,js,e0d75b08,Colin-Tran,2026-04-17,14:38:38,-07:00,2026-04-17T14:38:38-07:00,0,71
global.js,11,js,e0d75b08,Colin-Tran,2026-04-17,14:38:38,-07:00,2026-04-17T14:38:38-07:00,0,3
global.js,12,js,e0d75b08,Colin-Tran,2026-04-17,14:38:38,-07:00,2026-04-17T14:38:38-07:00,0,0
global.js,13,js,e0d75b08,Colin-Tran,2026-04-17,14:38:38,-07:00,2026-04-17T14:38:38-07:00,0,39
global.js,14,js,e0d75b08,Colin-Tran,2026-04-17,14:38:38,-07:00,2026-04-17T14:38:38-07:00,0,0
global.js,15,js,0e3b49a8,Colin-Tran,2026-04-17,15:08:42,-07:00,2026-04-17T15:08:42-07:00,0,31
global.js,16,js,0e3b49a8,Colin-Tran,2026-04-17,15:08:42,-07:00,2026-04-17T15:08:42-07:00,1,11
global.js,17,js,0e3b49a8,Colin-Tran,2026-04-17,15:08:42,-07:00,2026-04-17T15:08:42-07:00,1,0
global.js,18,js,0e3b49a8,Colin-Tran,2026-04-17,15:08:42,-07:00,2026-04-17T15:08:42-07:00,0,26
global.js,19,js,0e3b49a8,Colin-Tran,2026-04-17,15:08:42,-07:00,2026-04-17T15:08:42-07:00,0,4
global.js,20,js,0e3b49a8,Colin-Tran,2026-04-17,15:08:42,-07:00,2026-04-17T15:08:42-07:00,0,6
global.js,21,js,0e3b49a8,Colin-Tran,2026-04-17,15:08:42,-07:00,2026-04-17T15:08:42-07:00,0,43
global.js,22,js,0e3b49a8,Colin-Tran,2026-04-17,15:08:42,-07:00,2026-04-17T15:08:42-07:00,3,34
global.js,23,js,0e3b49a8,Colin-Tran,2026-04-17,15:08:42,-07:00,2026-04-17T15:08:42-07:00,3,32
global.js,24,js,0e3b49a8,Colin-Tran,2026-04-17,15:08:42,-07:00,2026-04-17T15:08:42-07:00,0,7
global.js,25,js,0e3b49a8,Colin-Tran,2026-04-17,15:08:42,-07:00,2026-04-17T15:08:42-07:00,0,8
global.js,26,js,0e3b49a8,Colin-Tran,2026-04-17,15:08:42,-07:00,2026-04-17T15:08:42-07:00,0,0
global.js,27,js,0e3b49a8,Colin-Tran,2026-04-17,15:08:42,-07:00,2026-04-17T15:08:42-07:00,0,0
global.js,28,js,0e3b49a8,Colin-Tran,2026-04-17,15:08:42,-07:00,2026-04-17T15:08:42-07:00,0,58
global.js,29,js,0e3b49a8,Colin-Tran,2026-04-17,15:08:42,-07:00,2026-04-17T15:08:42-07:00,0,0
global.js,30,js,0e3b49a8,Colin-Tran,2026-04-17,15:08:42,-07:00,2026-04-17T15:08:42-07:00,0,49
global.js,31,js,0e3b49a8,Colin-Tran,2026-04-17,15:08:42,-07:00,2026-04-17T15:08:42-07:00,1,57
global.js,32,js,0e3b49a8,Colin-Tran,2026-04-17,15:08:42,-07:00,2026-04-17T15:08:42-07:00,0,0
global.js,33,js,0e3b49a8,Colin-Tran,2026-04-17,15:08:42,-07:00,2026-04-17T15:08:42-07:00,1,77
global.js,34,js,0e3b49a8,Colin-Tran,2026-04-17,15:08:42,-07:00,2026-04-17T15:08:42-07:00,1,44
global.js,35,js,0e3b49a8,Colin-Tran,2026-04-17,15:08:42,-07:00,2026-04-17T15:08:42-07:00,0,1
global.js,36,js,0e3b49a8,Colin-Tran,2026-04-17,15:08:42,-07:00,2026-04-17T15:08:42-07:00,0,0
global.js,37,js,0e3b49a8,Colin-Tran,2026-04-17,15:08:42,-07:00,2026-04-17T15:08:42-07:00,0,34
global.js,38,js,0e3b49a8,Colin-Tran,2026-04-17,15:08:42,-07:00,2026-04-17T15:08:42-07:00,1,35
global.js,39,js,0e3b49a8,Colin-Tran,2026-04-17,15:08:42,-07:00,2026-04-17T15:08:42-07:00,0,0
global.js,40,js,0e3b49a8,Colin-Tran,2026-04-17,15:08:42,-07:00,2026-04-17T15:08:42-07:00,1,64
global.js,41,js,0e3b49a8,Colin-Tran,2026-04-17,15:08:42,-07:00,2026-04-17T15:08:42-07:00,0,0
global.js,42,js,0e3b49a8,Colin-Tran,2026-04-17,15:08:42,-07:00,2026-04-17T15:08:42-07:00,1,19
global.js,43,js,0e3b49a8,Colin-Tran,2026-04-17,15:08:42,-07:00,2026-04-17T15:08:42-07:00,0,0
global.js,44,js,0e3b49a8,Colin-Tran,2026-04-17,15:08:42,-07:00,2026-04-17T15:08:42-07:00,0,0
global.js,45,js,868361e9,Colin-Tran,2026-04-17,14:57:28,-07:00,2026-04-17T14:57:28-07:00,0,15
global.js,46,js,868361e9,Colin-Tran,2026-04-17,14:57:28,-07:00,2026-04-17T14:57:28-07:00,1,68
global.js,47,js,868361e9,Colin-Tran,2026-04-17,14:57:28,-07:00,2026-04-17T14:57:28-07:00,2,3
global.js,48,js,868361e9,Colin-Tran,2026-04-17,14:57:28,-07:00,2026-04-17T14:57:28-07:00,2,14
global.js,49,js,868361e9,Colin-Tran,2026-04-17,14:57:28,-07:00,2026-04-17T14:57:28-07:00,0,0
global.js,50,js,868361e9,Colin-Tran,2026-04-17,14:57:28,-07:00,2026-04-17T14:57:28-07:00,0,0
global.js,51,js,e0d75b08,Colin-Tran,2026-04-17,14:38:38,-07:00,2026-04-17T14:38:38-07:00,0,11
global.js,52,js,e0d75b08,Colin-Tran,2026-04-17,14:38:38,-07:00,2026-04-17T14:38:38-07:00,1,25
global.js,53,js,e0d75b08,Colin-Tran,2026-04-17,14:38:38,-07:00,2026-04-17T14:38:38-07:00,1,38
global.js,54,js,e0d75b08,Colin-Tran,2026-04-17,14:38:38,-07:00,2026-04-17T14:38:38-07:00,1,36
global.js,55,js,e0d75b08,Colin-Tran,2026-04-17,14:38:38,-07:00,2026-04-17T14:38:38-07:00,1,34
global.js,56,js,e1b83497,Colin-Tran,2026-05-08,17:05:57,-07:00,2026-05-08T17:05:57-07:00,1,30
global.js,57,js,e0d75b08,Colin-Tran,2026-04-17,14:38:38,-07:00,2026-04-17T14:38:38-07:00,1,56
global.js,58,js,e0d75b08,Colin-Tran,2026-04-17,14:38:38,-07:00,2026-04-17T14:38:38-07:00,0,0
global.js,59,js,e0d75b08,Colin-Tran,2026-04-17,14:38:38,-07:00,2026-04-17T14:38:38-07:00,0,0
global.js,60,js,e1b83497,Colin-Tran,2026-05-08,17:05:57,-07:00,2026-05-08T17:05:57-07:00,0,0
global.js,61,js,e0d75b08,Colin-Tran,2026-04-17,14:38:38,-07:00,2026-04-17T14:38:38-07:00,0,38
global.js,62,js,e0d75b08,Colin-Tran,2026-04-17,14:38:38,-07:00,2026-04-17T14:38:38-07:00,0,25
global.js,63,js,e0d75b08,Colin-Tran,2026-04-17,14:38:38,-07:00,2026-04-17T14:38:38-07:00,0,0
global.js,64,js,e0d75b08,Colin-Tran,2026-04-17,14:38:38,-07:00,2026-04-17T14:38:38-07:00,0,20
global.js,65,js,e0d75b08,Colin-Tran,2026-04-17,14:38:38,-07:00,2026-04-17T14:38:38-07:00,1,14
global.js,66,js,e0d75b08,Colin-Tran,2026-04-17,14:38:38,-07:00,2026-04-17T14:38:38-07:00,1,18
global.js,67,js,868361e9,Colin-Tran,2026-04-17,14:57:28,-07:00,2026-04-17T14:57:28-07:00,0,0
global.js,68,js,e0d75b08,Colin-Tran,2026-04-17,14:38:38,-07:00,2026-04-17T14:38:38-07:00,1,52
global.js,69,js,868361e9,Colin-Tran,2026-04-17,14:57:28,-07:00,2026-04-17T14:57:28-07:00,0,0
global.js,70,js,e0d75b08,Colin-Tran,2026-04-17,14:38:38,-07:00,2026-04-17T14:38:38-07:00,1,41
global.js,71,js,e0d75b08,Colin-Tran,2026-04-17,14:38:38,-07:00,2026-04-17T14:38:38-07:00,0,0
global.js,72,js,e0d75b08,Colin-Tran,2026-04-17,14:38:38,-07:00,2026-04-17T14:38:38-07:00,1,30
global.js,73,js,868361e9,Colin-Tran,2026-04-17,14:57:28,-07:00,2026-04-17T14:57:28-07:00,1,34
global.js,74,js,868361e9,Colin-Tran,2026-04-17,14:57:28,-07:00,2026-04-17T14:57:28-07:00,1,11
global.js,75,js,868361e9,Colin-Tran,2026-04-17,14:57:28,-07:00,2026-04-17T14:57:28-07:00,1,20
global.js,76,js,e0f5f5d9,Colin-Tran,2026-04-15,18:29:03,-07:00,2026-04-15T18:29:03-07:00,0,0
global.js,77,js,868361e9,Colin-Tran,2026-04-17,14:57:28,-07:00,2026-04-17T14:57:28-07:00,1,17
global.js,78,js,868361e9,Colin-Tran,2026-04-17,14:57:28,-07:00,2026-04-17T14:57:28-07:00,2,8
global.js,79,js,868361e9,Colin-Tran,2026-04-17,14:57:28,-07:00,2026-04-17T14:57:28-07:00,2,59
global.js,80,js,868361e9,Colin-Tran,2026-04-17,14:57:28,-07:00,2026-04-17T14:57:28-07:00,1,0
global.js,81,js,868361e9,Colin-Tran,2026-04-17,14:57:28,-07:00,2026-04-17T14:57:28-07:00,0,0
global.js,82,js,868361e9,Colin-Tran,2026-04-17,14:57:28,-07:00,2026-04-17T14:57:28-07:00,1,29
global.js,83,js,868361e9,Colin-Tran,2026-04-17,14:57:28,-07:00,2026-04-17T14:57:28-07:00,2,18
global.js,84,js,868361e9,Colin-Tran,2026-04-17,14:57:28,-07:00,2026-04-17T14:57:28-07:00,1,0
global.js,85,js,868361e9,Colin-Tran,2026-04-17,14:57:28,-07:00,2026-04-17T14:57:28-07:00,0,0
global.js,86,js,868361e9,Colin-Tran,2026-04-17,14:57:28,-07:00,2026-04-17T14:57:28-07:00,0,0
global.js,87,js,868361e9,Colin-Tran,2026-04-17,14:57:28,-07:00,2026-04-17T14:57:28-07:00,1,12
global.js,88,js,868361e9,Colin-Tran,2026-04-17,14:57:28,-07:00,2026-04-17T14:57:28-07:00,0,0
global.js,89,js,e0ca9a7b,Colin-Tran,2026-04-24,23:55:52,-07:00,2026-04-24T23:55:52-07:00,0,0
global.js,90,js,e0ca9a7b,Colin-Tran,2026-04-24,23:55:52,-07:00,2026-04-24T23:55:52-07:00,0,36
global.js,91,js,e0ca9a7b,Colin-Tran,2026-04-24,23:55:52,-07:00,2026-04-24T23:55:52-07:00,1,3
global.js,92,js,e0ca9a7b,Colin-Tran,2026-04-24,23:55:52,-07:00,2026-04-24T23:55:52-07:00,2,39
global.js,93,js,e0ca9a7b,Colin-Tran,2026-04-24,23:55:52,-07:00,2026-04-24T23:55:52-07:00,2,32
global.js,94,js,e0ca9a7b,Colin-Tran,2026-04-24,23:55:52,-07:00,2026-04-24T23:55:52-07:00,0,0
global.js,95,js,e0ca9a7b,Colin-Tran,2026-04-24,23:55:52,-07:00,2026-04-24T23:55:52-07:00,2,17
global.js,96,js,e0ca9a7b,Colin-Tran,2026-04-24,23:55:52,-07:00,2026-04-24T23:55:52-07:00,3,66
global.js,97,js,e0ca9a7b,Colin-Tran,2026-04-24,23:55:52,-07:00,2026-04-24T23:55:52-07:00,2,0
global.js,98,js,e0ca9a7b,Colin-Tran,2026-04-24,23:55:52,-07:00,2026-04-24T23:55:52-07:00,0,0
global.js,99,js,e0ca9a7b,Colin-Tran,2026-04-24,23:55:52,-07:00,2026-04-24T23:55:52-07:00,2,33
global.js,100,js,e0ca9a7b,Colin-Tran,2026-04-24,23:55:52,-07:00,2026-04-24T23:55:52-07:00,2,10
global.js,101,js,e0ca9a7b,Colin-Tran,2026-04-24,23:55:52,-07:00,2026-04-24T23:55:52-07:00,0,0
global.js,102,js,e0ca9a7b,Colin-Tran,2026-04-24,23:55:52,-07:00,2026-04-24T23:55:52-07:00,1,15
global.js,103,js,e0ca9a7b,Colin-Tran,2026-04-24,23:55:52,-07:00,2026-04-24T23:55:52-07:00,2,59
global.js,104,js,e0ca9a7b,Colin-Tran,2026-04-24,23:55:52,-07:00,2026-04-24T23:55:52-07:00,1,0
global.js,105,js,e0ca9a7b,Colin-Tran,2026-04-24,23:55:52,-07:00,2026-04-24T23:55:52-07:00,0,0
global.js,106,js,e0ca9a7b,Colin-Tran,2026-04-24,23:55:52,-07:00,2026-04-24T23:55:52-07:00,0,0
global.js,107,js,e0ca9a7b,Colin-Tran,2026-04-24,23:55:52,-07:00,2026-04-24T23:55:52-07:00,0,79
global.js,108,js,e0ca9a7b,Colin-Tran,2026-04-24,23:55:52,-07:00,2026-04-24T23:55:52-07:00,0,0
global.js,109,js,e0ca9a7b,Colin-Tran,2026-04-24,23:55:52,-07:00,2026-04-24T23:55:52-07:00,1,16
global.js,110,js,e0ca9a7b,Colin-Tran,2026-04-24,23:55:52,-07:00,2026-04-24T23:55:52-07:00,1,22
global.js,111,js,e0ca9a7b,Colin-Tran,2026-04-24,23:55:52,-07:00,2026-04-24T23:55:52-07:00,2,41
global.js,112,js,e0ca9a7b,Colin-Tran,2026-04-24,23:55:52,-07:00,2026-04-24T23:55:52-07:00,2,5
global.js,113,js,e0ca9a7b,Colin-Tran,2026-04-24,23:55:52,-07:00,2026-04-24T23:55:52-07:00,1,0
global.js,114,js,e0ca9a7b,Colin-Tran,2026-04-24,23:55:52,-07:00,2026-04-24T23:55:52-07:00,0,0
global.js,115,js,e0ca9a7b,Colin-Tran,2026-04-24,23:55:52,-07:00,2026-04-24T23:55:52-07:00,1,30
global.js,116,js,e0ca9a7b,Colin-Tran,2026-04-24,23:55:52,-07:00,2026-04-24T23:55:52-07:00,1,0
global.js,117,js,e0ca9a7b,Colin-Tran,2026-04-24,23:55:52,-07:00,2026-04-24T23:55:52-07:00,1,28
global.js,118,js,e0ca9a7b,Colin-Tran,2026-04-24,23:55:52,-07:00,2026-04-24T23:55:52-07:00,1,57
global.js,119,js,e0ca9a7b,Colin-Tran,2026-04-24,23:55:52,-07:00,2026-04-24T23:55:52-07:00,0,0
global.js,120,js,e0ca9a7b,Colin-Tran,2026-04-24,23:55:52,-07:00,2026-04-24T23:55:52-07:00,1,42
global.js,121,js,e0ca9a7b,Colin-Tran,2026-04-24,23:55:52,-07:00,2026-04-24T23:55:52-07:00,2,18
global.js,122,js,e0ca9a7b,Colin-Tran,2026-04-24,23:55:52,-07:00,2026-04-24T23:55:52-07:00,1,0
global.js,123,js,e0ca9a7b,Colin-Tran,2026-04-24,23:55:52,-07:00,2026-04-24T23:55:52-07:00,0,0
global.js,124,js,e0ca9a7b,Colin-Tran,2026-04-24,23:55:52,-07:00,2026-04-24T23:55:52-07:00,1,39
global.js,125,js,e0ca9a7b,Colin-Tran,2026-04-24,23:55:52,-07:00,2026-04-24T23:55:52-07:00,2,59
global.js,126,js,e0ca9a7b,Colin-Tran,2026-04-24,23:55:52,-07:00,2026-04-24T23:55:52-07:00,2,5
global.js,127,js,e0ca9a7b,Colin-Tran,2026-04-24,23:55:52,-07:00,2026-04-24T23:55:52-07:00,1,0
global.js,128,js,e0ca9a7b,Colin-Tran,2026-04-24,23:55:52,-07:00,2026-04-24T23:55:52-07:00,0,0
global.js,129,js,e0ca9a7b,Colin-Tran,2026-04-24,23:55:52,-07:00,2026-04-24T23:55:52-07:00,1,29
global.js,130,js,e0ca9a7b,Colin-Tran,2026-04-24,23:55:52,-07:00,2026-04-24T23:55:52-07:00,2,48
global.js,131,js,e0ca9a7b,Colin-Tran,2026-04-24,23:55:52,-07:00,2026-04-24T23:55:52-07:00,0,0
global.js,132,js,e0ca9a7b,Colin-Tran,2026-04-24,23:55:52,-07:00,2026-04-24T23:55:52-07:00,2,39
global.js,133,js,e0ca9a7b,Colin-Tran,2026-04-24,23:55:52,-07:00,2026-04-24T23:55:52-07:00,2,48
global.js,134,js,e0ca9a7b,Colin-Tran,2026-04-24,23:55:52,-07:00,2026-04-24T23:55:52-07:00,2,69
global.js,135,js,e0ca9a7b,Colin-Tran,2026-04-24,23:55:52,-07:00,2026-04-24T23:55:52-07:00,2,85
global.js,136,js,e0ca9a7b,Colin-Tran,2026-04-24,23:55:52,-07:00,2026-04-24T23:55:52-07:00,0,0
global.js,137,js,e0ca9a7b,Colin-Tran,2026-04-24,23:55:52,-07:00,2026-04-24T23:55:52-07:00,2,19
global.js,138,js,e0ca9a7b,Colin-Tran,2026-04-24,23:55:52,-07:00,2026-04-24T23:55:52-07:00,3,41
global.js,139,js,e0ca9a7b,Colin-Tran,2026-04-24,23:55:52,-07:00,2026-04-24T23:55:52-07:00,3,33
global.js,140,js,7a755594,Colin-Tran,2026-05-01,19:13:09,-07:00,2026-05-01T19:13:09-07:00,4,3
global.js,141,js,7a755594,Colin-Tran,2026-05-01,19:13:09,-07:00,2026-05-01T19:13:09-07:00,5,19
global.js,142,js,7a755594,Colin-Tran,2026-05-01,19:13:09,-07:00,2026-05-01T19:13:09-07:00,5,41
global.js,143,js,7a755594,Colin-Tran,2026-05-01,19:13:09,-07:00,2026-05-01T19:13:09-07:00,4,4
global.js,144,js,e0ca9a7b,Colin-Tran,2026-04-24,23:55:52,-07:00,2026-04-24T23:55:52-07:00,2,0
global.js,145,js,e0ca9a7b,Colin-Tran,2026-04-24,23:55:52,-07:00,2026-04-24T23:55:52-07:00,2,36
global.js,146,js,e0ca9a7b,Colin-Tran,2026-04-24,23:55:52,-07:00,2026-04-24T23:55:52-07:00,1,0
global.js,147,js,e0ca9a7b,Colin-Tran,2026-04-24,23:55:52,-07:00,2026-04-24T23:55:52-07:00,0,0
global.js,148,js,e0ca9a7b,Colin-Tran,2026-04-24,23:55:52,-07:00,2026-04-24T23:55:52-07:00,0,0
global.js,149,js,e0ca9a7b,Colin-Tran,2026-04-24,23:55:52,-07:00,2026-04-24T23:55:52-07:00,0,47
global.js,150,js,e0ca9a7b,Colin-Tran,2026-04-24,23:55:52,-07:00,2026-04-24T23:55:52-07:00,1,22
global.js,151,js,e0ca9a7b,Colin-Tran,2026-04-24,23:55:52,-07:00,2026-04-24T23:55:52-07:00,1,59
global.js,152,js,e0ca9a7b,Colin-Tran,2026-04-24,23:55:52,-07:00,2026-04-24T23:55:52-07:00,0,0
resume\index.html,1,html,18076715,Colin-Tran,2026-04-03,23:40:32,-07:00,2026-04-03T23:40:32-07:00,0,13
resume\index.html,2,html,18076715,Colin-Tran,2026-04-03,23:40:32,-07:00,2026-04-03T23:40:32-07:00,0,14
resume\index.html,3,html,18076715,Colin-Tran,2026-04-03,23:40:32,-07:00,2026-04-03T23:40:32-07:00,0,4
resume\index.html,4,html,18076715,Colin-Tran,2026-04-03,23:40:32,-07:00,2026-04-03T23:40:32-07:00,2,20
resume\index.html,5,html,18076715,Colin-Tran,2026-04-03,23:40:32,-07:00,2026-04-03T23:40:32-07:00,2,68
resume\index.html,6,html,18076715,Colin-Tran,2026-04-03,23:40:32,-07:00,2026-04-03T23:40:32-07:00,2,19
resume\index.html,7,html,cf8baa8c,Colin-Tran,2026-04-03,23:46:29,-07:00,2026-04-03T23:46:29-07:00,2,41
resume\index.html,8,html,cdc80e50,Colin-Tran,2026-04-15,18:18:12,-07:00,2026-04-15T18:18:12-07:00,2,48
resume\index.html,9,html,18076715,Colin-Tran,2026-04-03,23:40:32,-07:00,2026-04-03T23:40:32-07:00,0,5
resume\index.html,10,html,d51459a0,Colin-Tran,2026-04-10,22:07:09,-07:00,2026-04-10T22:07:09-07:00,0,0
resume\index.html,11,html,ee9833ba,Colin-Tran,2026-04-10,23:45:19,-07:00,2026-04-10T23:45:19-07:00,0,19
resume\index.html,12,html,18076715,Colin-Tran,2026-04-03,23:40:32,-07:00,2026-04-03T23:40:32-07:00,0,0
resume\index.html,13,html,18076715,Colin-Tran,2026-04-03,23:40:32,-07:00,2026-04-03T23:40:32-07:00,1,17
resume\index.html,14,html,c99fb191,Colin-Tran,2026-04-04,23:35:59,-07:00,2026-04-04T23:35:59-07:00,1,68
resume\index.html,15,html,18076715,Colin-Tran,2026-04-03,23:40:32,-07:00,2026-04-03T23:40:32-07:00,1,32
resume\index.html,16,html,18076715,Colin-Tran,2026-04-03,23:40:32,-07:00,2026-04-03T23:40:32-07:00,0,0
resume\index.html,17,html,18076715,Colin-Tran,2026-04-03,23:40:32,-07:00,2026-04-03T23:40:32-07:00,1,16
resume\index.html,18,html,18076715,Colin-Tran,2026-04-03,23:40:32,-07:00,2026-04-03T23:40:32-07:00,1,7
resume\index.html,19,html,18076715,Colin-Tran,2026-04-03,23:40:32,-07:00,2026-04-03T23:40:32-07:00,2,6
resume\index.html,20,html,18076715,Colin-Tran,2026-04-03,23:40:32,-07:00,2026-04-03T23:40:32-07:00,3,16
resume\index.html,21,html,18076715,Colin-Tran,2026-04-03,23:40:32,-07:00,2026-04-03T23:40:32-07:00,2,7
resume\index.html,22,html,18076715,Colin-Tran,2026-04-03,23:40:32,-07:00,2026-04-03T23:40:32-07:00,0,0
resume\index.html,23,html,18076715,Colin-Tran,2026-04-03,23:40:32,-07:00,2026-04-03T23:40:32-07:00,2,7
resume\index.html,24,html,2ea3bc37,Colin-Tran,2026-04-03,23:54:35,-07:00,2026-04-03T23:54:35-07:00,0,0
resume\index.html,25,html,2ea3bc37,Colin-Tran,2026-04-03,23:54:35,-07:00,2026-04-03T23:54:35-07:00,2,27
resume\index.html,26,html,2ea3bc37,Colin-Tran,2026-04-03,23:54:35,-07:00,2026-04-03T23:54:35-07:00,3,22
resume\index.html,27,html,2ea3bc37,Colin-Tran,2026-04-03,23:54:35,-07:00,2026-04-03T23:54:35-07:00,0,0
resume\index.html,28,html,2ea3bc37,Colin-Tran,2026-04-03,23:54:35,-07:00,2026-04-03T23:54:35-07:00,2,33
resume\index.html,29,html,2ea3bc37,Colin-Tran,2026-04-03,23:54:35,-07:00,2026-04-03T23:54:35-07:00,3,22
resume\index.html,30,html,2ea3bc37,Colin-Tran,2026-04-03,23:54:35,-07:00,2026-04-03T23:54:35-07:00,0,0
resume\index.html,31,html,18076715,Colin-Tran,2026-04-03,23:40:32,-07:00,2026-04-03T23:40:32-07:00,3,42
resume\index.html,32,html,18076715,Colin-Tran,2026-04-03,23:40:32,-07:00,2026-04-03T23:40:32-07:00,3,25
resume\index.html,33,html,c99fb191,Colin-Tran,2026-04-04,23:35:59,-07:00,2026-04-04T23:35:59-07:00,3,1
resume\index.html,34,html,c99fb191,Colin-Tran,2026-04-04,23:35:59,-07:00,2026-04-04T23:35:59-07:00,4,15
resume\index.html,35,html,c99fb191,Colin-Tran,2026-04-04,23:35:59,-07:00,2026-04-04T23:35:59-07:00,4,2
resume\index.html,36,html,c99fb191,Colin-Tran,2026-04-04,23:35:59,-07:00,2026-04-04T23:35:59-07:00,0,0
resume\index.html,37,html,c99fb191,Colin-Tran,2026-04-04,23:35:59,-07:00,2026-04-04T23:35:59-07:00,4,91
resume\index.html,38,html,c99fb191,Colin-Tran,2026-04-04,23:35:59,-07:00,2026-04-04T23:35:59-07:00,0,0
resume\index.html,39,html,18076715,Colin-Tran,2026-04-03,23:40:32,-07:00,2026-04-03T23:40:32-07:00,3,22
resume\index.html,40,html,c99fb191,Colin-Tran,2026-04-04,23:35:59,-07:00,2026-04-04T23:35:59-07:00,0,0
resume\index.html,41,html,18076715,Colin-Tran,2026-04-03,23:40:32,-07:00,2026-04-03T23:40:32-07:00,2,8
resume\index.html,42,html,18076715,Colin-Tran,2026-04-03,23:40:32,-07:00,2026-04-03T23:40:32-07:00,1,8
resume\index.html,43,html,18076715,Colin-Tran,2026-04-03,23:40:32,-07:00,2026-04-03T23:40:32-07:00,0,0
resume\index.html,44,html,c99fb191,Colin-Tran,2026-04-04,23:35:59,-07:00,2026-04-04T23:35:59-07:00,0,0
resume\index.html,45,html,c99fb191,Colin-Tran,2026-04-04,23:35:59,-07:00,2026-04-04T23:35:59-07:00,1,22
resume\index.html,46,html,18076715,Colin-Tran,2026-04-03,23:40:32,-07:00,2026-04-03T23:40:32-07:00,1,7
resume\index.html,47,html,c99fb191,Colin-Tran,2026-04-04,23:35:59,-07:00,2026-04-04T23:35:59-07:00,3,6
resume\index.html,48,html,c99fb191,Colin-Tran,2026-04-04,23:35:59,-07:00,2026-04-04T23:35:59-07:00,4,17
resume\index.html,49,html,c99fb191,Colin-Tran,2026-04-04,23:35:59,-07:00,2026-04-04T23:35:59-07:00,3,7
resume\index.html,50,html,c99fb191,Colin-Tran,2026-04-04,23:35:59,-07:00,2026-04-04T23:35:59-07:00,0,0
resume\index.html,51,html,2ea3bc37,Colin-Tran,2026-04-03,23:54:35,-07:00,2026-04-03T23:54:35-07:00,2,7
resume\index.html,52,html,2ea3bc37,Colin-Tran,2026-04-03,23:54:35,-07:00,2026-04-03T23:54:35-07:00,3,42
resume\index.html,53,html,c99fb191,Colin-Tran,2026-04-04,23:35:59,-07:00,2026-04-04T23:35:59-07:00,3,31
resume\index.html,54,html,c99fb191,Colin-Tran,2026-04-04,23:35:59,-07:00,2026-04-04T23:35:59-07:00,3,1
resume\index.html,55,html,c99fb191,Colin-Tran,2026-04-04,23:35:59,-07:00,2026-04-04T23:35:59-07:00,4,70
resume\index.html,56,html,c99fb191,Colin-Tran,2026-04-04,23:35:59,-07:00,2026-04-04T23:35:59-07:00,4,72
resume\index.html,57,html,c99fb191,Colin-Tran,2026-04-04,23:35:59,-07:00,2026-04-04T23:35:59-07:00,3,2
resume\index.html,58,html,c99fb191,Colin-Tran,2026-04-04,23:35:59,-07:00,2026-04-04T23:35:59-07:00,2,8
resume\index.html,59,html,2ea3bc37,Colin-Tran,2026-04-03,23:54:35,-07:00,2026-04-03T23:54:35-07:00,0,0
resume\index.html,60,html,c99fb191,Colin-Tran,2026-04-04,23:35:59,-07:00,2026-04-04T23:35:59-07:00,2,7
resume\index.html,61,html,c99fb191,Colin-Tran,2026-04-04,23:35:59,-07:00,2026-04-04T23:35:59-07:00,3,32
resume\index.html,62,html,c99fb191,Colin-Tran,2026-04-04,23:35:59,-07:00,2026-04-04T23:35:59-07:00,3,30
resume\index.html,63,html,c99fb191,Colin-Tran,2026-04-04,23:35:59,-07:00,2026-04-04T23:35:59-07:00,3,1
resume\index.html,64,html,c99fb191,Colin-Tran,2026-04-04,23:35:59,-07:00,2026-04-04T23:35:59-07:00,4,76
resume\index.html,65,html,c99fb191,Colin-Tran,2026-04-04,23:35:59,-07:00,2026-04-04T23:35:59-07:00,4,82
resume\index.html,66,html,c99fb191,Colin-Tran,2026-04-04,23:35:59,-07:00,2026-04-04T23:35:59-07:00,3,2
resume\index.html,67,html,2ea3bc37,Colin-Tran,2026-04-03,23:54:35,-07:00,2026-04-03T23:54:35-07:00,2,8
resume\index.html,68,html,2ea3bc37,Colin-Tran,2026-04-03,23:54:35,-07:00,2026-04-03T23:54:35-07:00,0,0
resume\index.html,69,html,18076715,Colin-Tran,2026-04-03,23:40:32,-07:00,2026-04-03T23:40:32-07:00,1,8
resume\index.html,70,html,18076715,Colin-Tran,2026-04-03,23:40:32,-07:00,2026-04-03T23:40:32-07:00,0,0
resume\index.html,71,html,18076715,Colin-Tran,2026-04-03,23:40:32,-07:00,2026-04-03T23:40:32-07:00,1,15
resume\index.html,72,html,18076715,Colin-Tran,2026-04-03,23:40:32,-07:00,2026-04-03T23:40:32-07:00,1,7
resume\index.html,73,html,18076715,Colin-Tran,2026-04-03,23:40:32,-07:00,2026-04-03T23:40:32-07:00,2,6
resume\index.html,74,html,18076715,Colin-Tran,2026-04-03,23:40:32,-07:00,2026-04-03T23:40:32-07:00,3,15
resume\index.html,75,html,18076715,Colin-Tran,2026-04-03,23:40:32,-07:00,2026-04-03T23:40:32-07:00,2,7
resume\index.html,76,html,18076715,Colin-Tran,2026-04-03,23:40:32,-07:00,2026-04-03T23:40:32-07:00,0,0
resume\index.html,77,html,18076715,Colin-Tran,2026-04-03,23:40:32,-07:00,2026-04-03T23:40:32-07:00,2,7
resume\index.html,78,html,c99fb191,Colin-Tran,2026-04-04,23:35:59,-07:00,2026-04-04T23:35:59-07:00,3,29
resume\index.html,79,html,cf8baa8c,Colin-Tran,2026-04-03,23:46:29,-07:00,2026-04-03T23:46:29-07:00,0,0
resume\index.html,80,html,efcf894c,Colin-Tran,2026-04-04,23:29:50,-07:00,2026-04-04T23:29:50-07:00,3,1
resume\index.html,81,html,efcf894c,Colin-Tran,2026-04-04,23:29:50,-07:00,2026-04-04T23:29:50-07:00,4,203
resume\index.html,82,html,efcf894c,Colin-Tran,2026-04-04,23:29:50,-07:00,2026-04-04T23:29:50-07:00,4,46
resume\index.html,83,html,efcf894c,Colin-Tran,2026-04-04,23:29:50,-07:00,2026-04-04T23:29:50-07:00,3,2
resume\index.html,84,html,cf8baa8c,Colin-Tran,2026-04-03,23:46:29,-07:00,2026-04-03T23:46:29-07:00,0,0
resume\index.html,85,html,efcf894c,Colin-Tran,2026-04-04,23:29:50,-07:00,2026-04-04T23:29:50-07:00,3,1
resume\index.html,86,html,efcf894c,Colin-Tran,2026-04-04,23:29:50,-07:00,2026-04-04T23:29:50-07:00,4,206
resume\index.html,87,html,efcf894c,Colin-Tran,2026-04-04,23:29:50,-07:00,2026-04-04T23:29:50-07:00,4,101
resume\index.html,88,html,efcf894c,Colin-Tran,2026-04-04,23:29:50,-07:00,2026-04-04T23:29:50-07:00,3,2
resume\index.html,89,html,2ea3bc37,Colin-Tran,2026-04-03,23:54:35,-07:00,2026-04-03T23:54:35-07:00,0,0
resume\index.html,90,html,2ea3bc37,Colin-Tran,2026-04-03,23:54:35,-07:00,2026-04-03T23:54:35-07:00,0,0
resume\index.html,91,html,efcf894c,Colin-Tran,2026-04-04,23:29:50,-07:00,2026-04-04T23:29:50-07:00,3,8
resume\index.html,92,html,efcf894c,Colin-Tran,2026-04-04,23:29:50,-07:00,2026-04-04T23:29:50-07:00,3,0
resume\index.html,93,html,18076715,Colin-Tran,2026-04-03,23:40:32,-07:00,2026-04-03T23:40:32-07:00,0,0
resume\index.html,94,html,18076715,Colin-Tran,2026-04-03,23:40:32,-07:00,2026-04-03T23:40:32-07:00,1,13
resume\index.html,95,html,18076715,Colin-Tran,2026-04-03,23:40:32,-07:00,2026-04-03T23:40:32-07:00,1,7
resume\index.html,96,html,18076715,Colin-Tran,2026-04-03,23:40:32,-07:00,2026-04-03T23:40:32-07:00,2,6
resume\index.html,97,html,18076715,Colin-Tran,2026-04-03,23:40:32,-07:00,2026-04-03T23:40:32-07:00,3,13
resume\index.html,98,html,18076715,Colin-Tran,2026-04-03,23:40:32,-07:00,2026-04-03T23:40:32-07:00,2,7
resume\index.html,99,html,18076715,Colin-Tran,2026-04-03,23:40:32,-07:00,2026-04-03T23:40:32-07:00,0,0
resume\index.html,100,html,18076715,Colin-Tran,2026-04-03,23:40:32,-07:00,2026-04-03T23:40:32-07:00,2,2
resume\index.html,101,html,18076715,Colin-Tran,2026-04-03,23:40:32,-07:00,2026-04-03T23:40:32-07:00,3,11
resume\index.html,102,html,18076715,Colin-Tran,2026-04-03,23:40:32,-07:00,2026-04-03T23:40:32-07:00,3,13
resume\index.html,103,html,18076715,Colin-Tran,2026-04-03,23:40:32,-07:00,2026-04-03T23:40:32-07:00,3,10
resume\index.html,104,html,18076715,Colin-Tran,2026-04-03,23:40:32,-07:00,2026-04-03T23:40:32-07:00,3,8
resume\index.html,105,html,c99fb191,Colin-Tran,2026-04-04,23:35:59,-07:00,2026-04-04T23:35:59-07:00,3,10
resume\index.html,106,html,c99fb191,Colin-Tran,2026-04-04,23:35:59,-07:00,2026-04-04T23:35:59-07:00,3,20
resume\index.html,107,html,c99fb191,Colin-Tran,2026-04-04,23:35:59,-07:00,2026-04-04T23:35:59-07:00,3,12
resume\index.html,108,html,c99fb191,Colin-Tran,2026-04-04,23:35:59,-07:00,2026-04-04T23:35:59-07:00,3,13
resume\index.html,109,html,c99fb191,Colin-Tran,2026-04-04,23:35:59,-07:00,2026-04-04T23:35:59-07:00,3,25
resume\index.html,110,html,c99fb191,Colin-Tran,2026-04-04,23:35:59,-07:00,2026-04-04T23:35:59-07:00,3,12
resume\index.html,111,html,c99fb191,Colin-Tran,2026-04-04,23:35:59,-07:00,2026-04-04T23:35:59-07:00,0,0
resume\index.html,112,html,18076715,Colin-Tran,2026-04-03,23:40:32,-07:00,2026-04-03T23:40:32-07:00,2,3
resume\index.html,113,html,18076715,Colin-Tran,2026-04-03,23:40:32,-07:00,2026-04-03T23:40:32-07:00,1,8
resume\index.html,114,html,18076715,Colin-Tran,2026-04-03,23:40:32,-07:00,2026-04-03T23:40:32-07:00,0,0
resume\index.html,115,html,18076715,Colin-Tran,2026-04-03,23:40:32,-07:00,2026-04-03T23:40:32-07:00,0,5
resume\index.html,116,html,18076715,Colin-Tran,2026-04-03,23:40:32,-07:00,2026-04-03T23:40:32-07:00,0,5
projects\projects.js,1,js,e0ca9a7b,Colin-Tran,2026-04-24,23:55:52,-07:00,2026-04-24T23:55:52-07:00,0,55
projects\projects.js,2,js,d4b47aad,Colin-Tran,2026-05-01,19:58:17,-07:00,2026-05-01T19:58:17-07:00,0,63
projects\projects.js,3,js,e0ca9a7b,Colin-Tran,2026-04-24,23:55:52,-07:00,2026-04-24T23:55:52-07:00,0,0
projects\projects.js,4,js,e0ca9a7b,Colin-Tran,2026-04-24,23:55:52,-07:00,2026-04-24T23:55:52-07:00,0,55
projects\projects.js,5,js,e0ca9a7b,Colin-Tran,2026-04-24,23:55:52,-07:00,2026-04-24T23:55:52-07:00,0,0
projects\projects.js,6,js,e0ca9a7b,Colin-Tran,2026-04-24,23:55:52,-07:00,2026-04-24T23:55:52-07:00,0,60
projects\projects.js,7,js,e0ca9a7b,Colin-Tran,2026-04-24,23:55:52,-07:00,2026-04-24T23:55:52-07:00,0,0
projects\projects.js,8,js,e0ca9a7b,Colin-Tran,2026-04-24,23:55:52,-07:00,2026-04-24T23:55:52-07:00,0,48
projects\projects.js,9,js,e0ca9a7b,Colin-Tran,2026-04-24,23:55:52,-07:00,2026-04-24T23:55:52-07:00,0,0
projects\projects.js,10,js,e0ca9a7b,Colin-Tran,2026-04-24,23:55:52,-07:00,2026-04-24T23:55:52-07:00,0,61
projects\projects.js,11,js,e0ca9a7b,Colin-Tran,2026-04-24,23:55:52,-07:00,2026-04-24T23:55:52-07:00,0,0
projects\projects.js,12,js,d4b47aad,Colin-Tran,2026-05-01,19:58:17,-07:00,2026-05-01T19:58:17-07:00,0,55
projects\projects.js,13,js,d4b47aad,Colin-Tran,2026-05-01,19:58:17,-07:00,2026-05-01T19:58:17-07:00,0,0
projects\projects.js,14,js,d4b47aad,Colin-Tran,2026-05-01,19:58:17,-07:00,2026-05-01T19:58:17-07:00,0,60
projects\projects.js,15,js,d4b47aad,Colin-Tran,2026-05-01,19:58:17,-07:00,2026-05-01T19:58:17-07:00,0,0
projects\projects.js,16,js,d4b47aad,Colin-Tran,2026-05-01,19:58:17,-07:00,2026-05-01T19:58:17-07:00,0,25
projects\projects.js,17,js,d4b47aad,Colin-Tran,2026-05-01,19:58:17,-07:00,2026-05-01T19:58:17-07:00,0,17
projects\projects.js,18,js,d4b47aad,Colin-Tran,2026-05-01,19:58:17,-07:00,2026-05-01T19:58:17-07:00,0,25
projects\projects.js,19,js,d4b47aad,Colin-Tran,2026-05-01,19:58:17,-07:00,2026-05-01T19:58:17-07:00,0,4
projects\projects.js,20,js,d4b47aad,Colin-Tran,2026-05-01,19:58:17,-07:00,2026-05-01T19:58:17-07:00,0,0
projects\projects.js,21,js,d4b47aad,Colin-Tran,2026-05-01,19:58:17,-07:00,2026-05-01T19:58:17-07:00,0,68
projects\projects.js,22,js,d4b47aad,Colin-Tran,2026-05-01,19:58:17,-07:00,2026-05-01T19:58:17-07:00,0,0
projects\projects.js,23,js,ad7d0346,Colin-Tran,2026-05-01,21:15:25,-07:00,2026-05-01T21:15:25-07:00,0,0
projects\projects.js,24,js,ad7d0346,Colin-Tran,2026-05-01,21:15:25,-07:00,2026-05-01T21:15:25-07:00,0,42
projects\projects.js,25,js,ad7d0346,Colin-Tran,2026-05-01,21:15:25,-07:00,2026-05-01T21:15:25-07:00,0,0
projects\projects.js,26,js,cfc4f806,Colin-Tran,2026-05-01,22:00:23,-07:00,2026-05-01T22:00:23-07:00,2,47
projects\projects.js,27,js,910e0fdf,Colin-Tran,2026-05-01,22:11:04,-07:00,2026-05-01T22:11:04-07:00,2,13
projects\projects.js,28,js,cfc4f806,Colin-Tran,2026-05-01,22:00:23,-07:00,2026-05-01T22:00:23-07:00,2,21
projects\projects.js,29,js,910e0fdf,Colin-Tran,2026-05-01,22:11:04,-07:00,2026-05-01T22:11:04-07:00,2,47
projects\projects.js,30,js,2f2ae21e,Colin-Tran,2026-05-01,21:02:34,-07:00,2026-05-01T21:02:34-07:00,0,0
projects\projects.js,31,js,cfc4f806,Colin-Tran,2026-05-01,22:00:23,-07:00,2026-05-01T22:00:23-07:00,2,40
projects\projects.js,32,js,cfc4f806,Colin-Tran,2026-05-01,22:00:23,-07:00,2026-05-01T22:00:23-07:00,0,38
projects\projects.js,33,js,cfc4f806,Colin-Tran,2026-05-01,22:00:23,-07:00,2026-05-01T22:00:23-07:00,2,25
projects\projects.js,34,js,cfc4f806,Colin-Tran,2026-05-01,22:00:23,-07:00,2026-05-01T22:00:23-07:00,2,29
projects\projects.js,35,js,cfc4f806,Colin-Tran,2026-05-01,22:00:23,-07:00,2026-05-01T22:00:23-07:00,2,12
projects\projects.js,36,js,cfc4f806,Colin-Tran,2026-05-01,22:00:23,-07:00,2026-05-01T22:00:23-07:00,2,14
projects\projects.js,37,js,cfc4f806,Colin-Tran,2026-05-01,22:00:23,-07:00,2026-05-01T22:00:23-07:00,2,12
projects\projects.js,38,js,cfc4f806,Colin-Tran,2026-05-01,22:00:23,-07:00,2026-05-01T22:00:23-07:00,2,0
projects\projects.js,39,js,cfc4f806,Colin-Tran,2026-05-01,22:00:23,-07:00,2026-05-01T22:00:23-07:00,2,18
projects\projects.js,40,js,cfc4f806,Colin-Tran,2026-05-01,22:00:23,-07:00,2026-05-01T22:00:23-07:00,2,50
projects\projects.js,41,js,cfc4f806,Colin-Tran,2026-05-01,22:00:23,-07:00,2026-05-01T22:00:23-07:00,2,43
projects\projects.js,42,js,cfc4f806,Colin-Tran,2026-05-01,22:00:23,-07:00,2026-05-01T22:00:23-07:00,2,1
projects\projects.js,43,js,910e0fdf,Colin-Tran,2026-05-01,22:11:04,-07:00,2026-05-01T22:11:04-07:00,2,20
projects\projects.js,44,js,d4b47aad,Colin-Tran,2026-05-01,19:58:17,-07:00,2026-05-01T19:58:17-07:00,0,0
projects\projects.js,45,js,cfc4f806,Colin-Tran,2026-05-01,22:00:23,-07:00,2026-05-01T22:00:23-07:00,2,57
projects\projects.js,46,js,d4b47aad,Colin-Tran,2026-05-01,19:58:17,-07:00,2026-05-01T19:58:17-07:00,0,0
projects\projects.js,47,js,cfc4f806,Colin-Tran,2026-05-01,22:00:23,-07:00,2026-05-01T22:00:23-07:00,1,50
projects\projects.js,48,js,cfc4f806,Colin-Tran,2026-05-01,22:00:23,-07:00,2026-05-01T22:00:23-07:00,2,53
projects\projects.js,49,js,cfc4f806,Colin-Tran,2026-05-01,22:00:23,-07:00,2026-05-01T22:00:23-07:00,2,42
projects\projects.js,50,js,cfc4f806,Colin-Tran,2026-05-01,22:00:23,-07:00,2026-05-01T22:00:23-07:00,2,51
projects\projects.js,51,js,e8ca2dba,Colin-Tran,2026-05-01,20:58:45,-07:00,2026-05-01T20:58:45-07:00,0,0
projects\projects.js,52,js,e8ca2dba,Colin-Tran,2026-05-01,20:58:45,-07:00,2026-05-01T20:58:45-07:00,0,0
projects\projects.js,53,js,cfc4f806,Colin-Tran,2026-05-01,22:00:23,-07:00,2026-05-01T22:00:23-07:00,1,33
projects\projects.js,54,js,cfc4f806,Colin-Tran,2026-05-01,22:00:23,-07:00,2026-05-01T22:00:23-07:00,1,53
projects\projects.js,55,js,cfc4f806,Colin-Tran,2026-05-01,22:00:23,-07:00,2026-05-01T22:00:23-07:00,2,43
projects\projects.js,56,js,cfc4f806,Colin-Tran,2026-05-01,22:00:23,-07:00,2026-05-01T22:00:23-07:00,2,32
projects\projects.js,57,js,cfc4f806,Colin-Tran,2026-05-01,22:00:23,-07:00,2026-05-01T22:00:23-07:00,0,0
projects\projects.js,58,js,cfc4f806,Colin-Tran,2026-05-01,22:00:23,-07:00,2026-05-01T22:00:23-07:00,2,32
projects\projects.js,59,js,cfc4f806,Colin-Tran,2026-05-01,22:00:23,-07:00,2026-05-01T22:00:23-07:00,2,30
projects\projects.js,60,js,cfc4f806,Colin-Tran,2026-05-01,22:00:23,-07:00,2026-05-01T22:00:23-07:00,0,0
projects\projects.js,61,js,cfc4f806,Colin-Tran,2026-05-01,22:00:23,-07:00,2026-05-01T22:00:23-07:00,0,0
projects\projects.js,62,js,cfc4f806,Colin-Tran,2026-05-01,22:00:23,-07:00,2026-05-01T22:00:23-07:00,1,27
projects\projects.js,63,js,cfc4f806,Colin-Tran,2026-05-01,22:00:23,-07:00,2026-05-01T22:00:23-07:00,2,4
projects\projects.js,64,js,cfc4f806,Colin-Tran,2026-05-01,22:00:23,-07:00,2026-05-01T22:00:23-07:00,4,13
projects\projects.js,65,js,cfc4f806,Colin-Tran,2026-05-01,22:00:23,-07:00,2026-05-01T22:00:23-07:00,4,13
projects\projects.js,66,js,cfc4f806,Colin-Tran,2026-05-01,22:00:23,-07:00,2026-05-01T22:00:23-07:00,4,22
projects\projects.js,67,js,cfc4f806,Colin-Tran,2026-05-01,22:00:23,-07:00,2026-05-01T22:00:23-07:00,4,51
projects\projects.js,68,js,910e0fdf,Colin-Tran,2026-05-01,22:11:04,-07:00,2026-05-01T22:11:04-07:00,0,0
projects\projects.js,69,js,cfc4f806,Colin-Tran,2026-05-01,22:00:23,-07:00,2026-05-01T22:00:23-07:00,4,18
projects\projects.js,70,js,cfc4f806,Colin-Tran,2026-05-01,22:00:23,-07:00,2026-05-01T22:00:23-07:00,4,43
projects\projects.js,71,js,cfc4f806,Colin-Tran,2026-05-01,22:00:23,-07:00,2026-05-01T22:00:23-07:00,0,0
projects\projects.js,72,js,cfc4f806,Colin-Tran,2026-05-01,22:00:23,-07:00,2026-05-01T22:00:23-07:00,4,4
projects\projects.js,73,js,cfc4f806,Colin-Tran,2026-05-01,22:00:23,-07:00,2026-05-01T22:00:23-07:00,6,16
projects\projects.js,74,js,cfc4f806,Colin-Tran,2026-05-01,22:00:23,-07:00,2026-05-01T22:00:23-07:00,6,66
projects\projects.js,75,js,cfc4f806,Colin-Tran,2026-05-01,22:00:23,-07:00,2026-05-01T22:00:23-07:00,0,0
projects\projects.js,76,js,cfc4f806,Colin-Tran,2026-05-01,22:00:23,-07:00,2026-05-01T22:00:23-07:00,4,4
projects\projects.js,77,js,cfc4f806,Colin-Tran,2026-05-01,22:00:23,-07:00,2026-05-01T22:00:23-07:00,6,14
projects\projects.js,78,js,cfc4f806,Colin-Tran,2026-05-01,22:00:23,-07:00,2026-05-01T22:00:23-07:00,6,24
projects\projects.js,79,js,cfc4f806,Colin-Tran,2026-05-01,22:00:23,-07:00,2026-05-01T22:00:23-07:00,6,60
projects\projects.js,80,js,cfc4f806,Colin-Tran,2026-05-01,22:00:23,-07:00,2026-05-01T22:00:23-07:00,6,0
projects\projects.js,81,js,cfc4f806,Colin-Tran,2026-05-01,22:00:23,-07:00,2026-05-01T22:00:23-07:00,0,0
projects\projects.js,82,js,910e0fdf,Colin-Tran,2026-05-01,22:11:04,-07:00,2026-05-01T22:11:04-07:00,6,28
projects\projects.js,83,js,910e0fdf,Colin-Tran,2026-05-01,22:11:04,-07:00,2026-05-01T22:11:04-07:00,6,59
projects\projects.js,84,js,910e0fdf,Colin-Tran,2026-05-01,22:11:04,-07:00,2026-05-01T22:11:04-07:00,6,13
projects\projects.js,85,js,910e0fdf,Colin-Tran,2026-05-01,22:11:04,-07:00,2026-05-01T22:11:04-07:00,6,59
projects\projects.js,86,js,910e0fdf,Colin-Tran,2026-05-01,22:11:04,-07:00,2026-05-01T22:11:04-07:00,6,38
projects\projects.js,87,js,910e0fdf,Colin-Tran,2026-05-01,22:11:04,-07:00,2026-05-01T22:11:04-07:00,6,57
projects\projects.js,88,js,cfc4f806,Colin-Tran,2026-05-01,22:00:23,-07:00,2026-05-01T22:00:23-07:00,0,0
projects\projects.js,89,js,910e0fdf,Colin-Tran,2026-05-01,22:11:04,-07:00,2026-05-01T22:11:04-07:00,6,60
projects\projects.js,90,js,910e0fdf,Colin-Tran,2026-05-01,22:11:04,-07:00,2026-05-01T22:11:04-07:00,6,38
projects\projects.js,91,js,910e0fdf,Colin-Tran,2026-05-01,22:11:04,-07:00,2026-05-01T22:11:04-07:00,6,11
projects\projects.js,92,js,cfc4f806,Colin-Tran,2026-05-01,22:00:23,-07:00,2026-05-01T22:00:23-07:00,0,0
projects\projects.js,93,js,910e0fdf,Colin-Tran,2026-05-01,22:11:04,-07:00,2026-05-01T22:11:04-07:00,6,67
projects\projects.js,94,js,cfc4f806,Colin-Tran,2026-05-01,22:00:23,-07:00,2026-05-01T22:00:23-07:00,6,0
projects\projects.js,95,js,910e0fdf,Colin-Tran,2026-05-01,22:11:04,-07:00,2026-05-01T22:11:04-07:00,6,6
projects\projects.js,96,js,910e0fdf,Colin-Tran,2026-05-01,22:11:04,-07:00,2026-05-01T22:11:04-07:00,0,0
projects\projects.js,97,js,910e0fdf,Colin-Tran,2026-05-01,22:11:04,-07:00,2026-05-01T22:11:04-07:00,6,13
projects\projects.js,98,js,910e0fdf,Colin-Tran,2026-05-01,22:11:04,-07:00,2026-05-01T22:11:04-07:00,4,1
projects\projects.js,99,js,2f2ae21e,Colin-Tran,2026-05-01,21:02:34,-07:00,2026-05-01T21:02:34-07:00,0,1
projects\projects.js,100,js,2f2ae21e,Colin-Tran,2026-05-01,21:02:34,-07:00,2026-05-01T21:02:34-07:00,0,0
projects\projects.js,101,js,cfc4f806,Colin-Tran,2026-05-01,22:00:23,-07:00,2026-05-01T22:00:23-07:00,2,27
projects\projects.js,102,js,cfc4f806,Colin-Tran,2026-05-01,22:00:23,-07:00,2026-05-01T22:00:23-07:00,4,4
projects\projects.js,103,js,cfc4f806,Colin-Tran,2026-05-01,22:00:23,-07:00,2026-05-01T22:00:23-07:00,6,11
projects\projects.js,104,js,cfc4f806,Colin-Tran,2026-05-01,22:00:23,-07:00,2026-05-01T22:00:23-07:00,6,39
projects\projects.js,105,js,cfc4f806,Colin-Tran,2026-05-01,22:00:23,-07:00,2026-05-01T22:00:23-07:00,6,76
projects\projects.js,106,js,cfc4f806,Colin-Tran,2026-05-01,22:00:23,-07:00,2026-05-01T22:00:23-07:00,6,69
projects\projects.js,107,js,cfc4f806,Colin-Tran,2026-05-01,22:00:23,-07:00,2026-05-01T22:00:23-07:00,2,1
projects\projects.js,108,js,cfc4f806,Colin-Tran,2026-05-01,22:00:23,-07:00,2026-05-01T22:00:23-07:00,0,0
projects\projects.js,109,js,cfc4f806,Colin-Tran,2026-05-01,22:00:23,-07:00,2026-05-01T22:00:23-07:00,0,0
projects\projects.js,110,js,cfc4f806,Colin-Tran,2026-05-01,22:00:23,-07:00,2026-05-01T22:00:23-07:00,0,27
projects\projects.js,111,js,cfc4f806,Colin-Tran,2026-05-01,22:00:23,-07:00,2026-05-01T22:00:23-07:00,1,35
projects\projects.js,112,js,ad7d0346,Colin-Tran,2026-05-01,21:15:25,-07:00,2026-05-01T21:15:25-07:00,2,59
projects\projects.js,113,js,cfc4f806,Colin-Tran,2026-05-01,22:00:23,-07:00,2026-05-01T22:00:23-07:00,2,45
projects\projects.js,114,js,ad7d0346,Colin-Tran,2026-05-01,21:15:25,-07:00,2026-05-01T21:15:25-07:00,1,1
projects\projects.js,115,js,ad7d0346,Colin-Tran,2026-05-01,21:15:25,-07:00,2026-05-01T21:15:25-07:00,0,0
projects\projects.js,116,js,ad7d0346,Colin-Tran,2026-05-01,21:15:25,-07:00,2026-05-01T21:15:25-07:00,0,0
projects\projects.js,117,js,ad7d0346,Colin-Tran,2026-05-01,21:15:25,-07:00,2026-05-01T21:15:25-07:00,0,23
projects\projects.js,118,js,ad7d0346,Colin-Tran,2026-05-01,21:15:25,-07:00,2026-05-01T21:15:25-07:00,0,0
projects\projects.js,119,js,cfc4f806,Colin-Tran,2026-05-01,22:00:23,-07:00,2026-05-01T22:00:23-07:00,0,53
projects\projects.js,120,js,cfc4f806,Colin-Tran,2026-05-01,22:00:23,-07:00,2026-05-01T22:00:23-07:00,0,0
projects\projects.js,121,js,910e0fdf,Colin-Tran,2026-05-01,22:11:04,-07:00,2026-05-01T22:11:04-07:00,0,51
projects\projects.js,122,js,910e0fdf,Colin-Tran,2026-05-01,22:11:04,-07:00,2026-05-01T22:11:04-07:00,0,55
projects\projects.js,123,js,cfc4f806,Colin-Tran,2026-05-01,22:00:23,-07:00,2026-05-01T22:00:23-07:00,0,0
projects\projects.js,124,js,910e0fdf,Colin-Tran,2026-05-01,22:11:04,-07:00,2026-05-01T22:11:04-07:00,0,61
projects\projects.js,125,js,910e0fdf,Colin-Tran,2026-05-01,22:11:04,-07:00,2026-05-01T22:11:04-07:00,0,36
projects\projects.js,126,js,910e0fdf,Colin-Tran,2026-05-01,22:11:04,-07:00,2026-05-01T22:11:04-07:00,0,4
projects\projects.js,127,js,910e0fdf,Colin-Tran,2026-05-01,22:11:04,-07:00,2026-05-01T22:11:04-07:00,0,0
projects\projects.js,128,js,910e0fdf,Colin-Tran,2026-05-01,22:11:04,-07:00,2026-05-01T22:11:04-07:00,0,48
projects\projects.js,129,js,910e0fdf,Colin-Tran,2026-05-01,22:11:04,-07:00,2026-05-01T22:11:04-07:00,1,25
projects\projects.js,130,js,910e0fdf,Colin-Tran,2026-05-01,22:11:04,-07:00,2026-05-01T22:11:04-07:00,1,13
projects\projects.js,131,js,cfc4f806,Colin-Tran,2026-05-01,22:00:23,-07:00,2026-05-01T22:00:23-07:00,0,1
projects\projects.js,132,js,cfc4f806,Colin-Tran,2026-05-01,22:00:23,-07:00,2026-05-01T22:00:23-07:00,0,0
projects\projects.js,133,js,910e0fdf,Colin-Tran,2026-05-01,22:11:04,-07:00,2026-05-01T22:11:04-07:00,0,23
projects\projects.js,134,js,910e0fdf,Colin-Tran,2026-05-01,22:11:04,-07:00,2026-05-01T22:11:04-07:00,1,51
projects\projects.js,135,js,910e0fdf,Colin-Tran,2026-05-01,22:11:04,-07:00,2026-05-01T22:11:04-07:00,2,59
projects\projects.js,136,js,910e0fdf,Colin-Tran,2026-05-01,22:11:04,-07:00,2026-05-01T22:11:04-07:00,2,55
projects\projects.js,137,js,910e0fdf,Colin-Tran,2026-05-01,22:11:04,-07:00,2026-05-01T22:11:04-07:00,0,0
projects\projects.js,138,js,910e0fdf,Colin-Tran,2026-05-01,22:11:04,-07:00,2026-05-01T22:11:04-07:00,2,15
projects\projects.js,139,js,910e0fdf,Colin-Tran,2026-05-01,22:11:04,-07:00,2026-05-01T22:11:04-07:00,3,21
projects\projects.js,140,js,910e0fdf,Colin-Tran,2026-05-01,22:11:04,-07:00,2026-05-01T22:11:04-07:00,3,47
projects\projects.js,141,js,910e0fdf,Colin-Tran,2026-05-01,22:11:04,-07:00,2026-05-01T22:11:04-07:00,0,0
projects\projects.js,142,js,910e0fdf,Colin-Tran,2026-05-01,22:11:04,-07:00,2026-05-01T22:11:04-07:00,2,34
projects\projects.js,143,js,910e0fdf,Colin-Tran,2026-05-01,22:11:04,-07:00,2026-05-01T22:11:04-07:00,1,1
projects\projects.js,144,js,910e0fdf,Colin-Tran,2026-05-01,22:11:04,-07:00,2026-05-01T22:11:04-07:00,0,0
projects\projects.js,145,js,910e0fdf,Colin-Tran,2026-05-01,22:11:04,-07:00,2026-05-01T22:11:04-07:00,1,56
projects\projects.js,146,js,910e0fdf,Colin-Tran,2026-05-01,22:11:04,-07:00,2026-05-01T22:11:04-07:00,0,0
projects\index.html,1,html,d3b0d7ed,Colin-Tran,2026-04-03,23:31:36,-07:00,2026-04-03T23:31:36-07:00,0,13
projects\index.html,2,html,d3b0d7ed,Colin-Tran,2026-04-03,23:31:36,-07:00,2026-04-03T23:31:36-07:00,0,14
projects\index.html,3,html,d3b0d7ed,Colin-Tran,2026-04-03,23:31:36,-07:00,2026-04-03T23:31:36-07:00,0,4
projects\index.html,4,html,d3b0d7ed,Colin-Tran,2026-04-03,23:31:36,-07:00,2026-04-03T23:31:36-07:00,2,20
projects\index.html,5,html,d3b0d7ed,Colin-Tran,2026-04-03,23:31:36,-07:00,2026-04-03T23:31:36-07:00,2,68
projects\index.html,6,html,d3b0d7ed,Colin-Tran,2026-04-03,23:31:36,-07:00,2026-04-03T23:31:36-07:00,2,21
projects\index.html,7,html,cf8baa8c,Colin-Tran,2026-04-03,23:46:29,-07:00,2026-04-03T23:46:29-07:00,2,41
projects\index.html,8,html,cdc80e50,Colin-Tran,2026-04-15,18:18:12,-07:00,2026-04-15T18:18:12-07:00,2,48
projects\index.html,9,html,e0ca9a7b,Colin-Tran,2026-04-24,23:55:52,-07:00,2026-04-24T23:55:52-07:00,2,47
projects\index.html,10,html,d3b0d7ed,Colin-Tran,2026-04-03,23:31:36,-07:00,2026-04-03T23:31:36-07:00,0,5
projects\index.html,11,html,d3b0d7ed,Colin-Tran,2026-04-03,23:31:36,-07:00,2026-04-03T23:31:36-07:00,0,4
projects\index.html,12,html,fa446427,Colin-Tran,2026-04-03,23:42:45,-07:00,2026-04-03T23:42:45-07:00,0,0
projects\index.html,13,html,e8ca2dba,Colin-Tran,2026-05-01,20:58:45,-07:00,2026-05-01T20:58:45-07:00,2,22
projects\index.html,14,html,e8ca2dba,Colin-Tran,2026-05-01,20:58:45,-07:00,2026-05-01T20:58:45-07:00,4,52
projects\index.html,15,html,e8ca2dba,Colin-Tran,2026-05-01,20:58:45,-07:00,2026-05-01T20:58:45-07:00,4,4
projects\index.html,16,html,e8ca2dba,Colin-Tran,2026-05-01,20:58:45,-07:00,2026-05-01T20:58:45-07:00,4,22
projects\index.html,17,html,e8ca2dba,Colin-Tran,2026-05-01,20:58:45,-07:00,2026-05-01T20:58:45-07:00,2,4
projects\index.html,18,html,7a755594,Colin-Tran,2026-05-01,19:13:09,-07:00,2026-05-01T19:13:09-07:00,0,0
projects\index.html,19,html,7a755594,Colin-Tran,2026-05-01,19:13:09,-07:00,2026-05-01T19:13:09-07:00,0,0
projects\index.html,20,html,ad7d0346,Colin-Tran,2026-05-01,21:15:25,-07:00,2026-05-01T21:15:25-07:00,2,4
projects\index.html,21,html,ad7d0346,Colin-Tran,2026-05-01,21:15:25,-07:00,2026-05-01T21:15:25-07:00,4,15
projects\index.html,22,html,ad7d0346,Colin-Tran,2026-05-01,21:15:25,-07:00,2026-05-01T21:15:25-07:00,4,11
projects\index.html,23,html,ad7d0346,Colin-Tran,2026-05-01,21:15:25,-07:00,2026-05-01T21:15:25-07:00,4,26
projects\index.html,24,html,ad7d0346,Colin-Tran,2026-05-01,21:15:25,-07:00,2026-05-01T21:15:25-07:00,4,31
projects\index.html,25,html,ad7d0346,Colin-Tran,2026-05-01,21:15:25,-07:00,2026-05-01T21:15:25-07:00,4,0
projects\index.html,26,html,ad7d0346,Colin-Tran,2026-05-01,21:15:25,-07:00,2026-05-01T21:15:25-07:00,0,0
projects\index.html,27,html,e0ca9a7b,Colin-Tran,2026-04-24,23:55:52,-07:00,2026-04-24T23:55:52-07:00,2,38
projects\index.html,28,html,4c993e76,Colin-Tran,2026-04-10,23:17:02,-07:00,2026-04-10T23:17:02-07:00,2,20
projects\index.html,29,html,efcf894c,Colin-Tran,2026-04-04,23:29:50,-07:00,2026-04-04T23:29:50-07:00,2,0
projects\index.html,30,html,efcf894c,Colin-Tran,2026-04-04,23:29:50,-07:00,2026-04-04T23:29:50-07:00,0,0
projects\index.html,31,html,d3b0d7ed,Colin-Tran,2026-04-03,23:31:36,-07:00,2026-04-03T23:31:36-07:00,0,5
projects\index.html,32,html,d3b0d7ed,Colin-Tran,2026-04-03,23:31:36,-07:00,2026-04-03T23:31:36-07:00,0,5
meta\main.js,1,js,e1b83497,Colin-Tran,2026-05-08,17:05:57,-07:00,2026-05-08T17:05:57-07:00,0,63
meta\main.js,2,js,e1b83497,Colin-Tran,2026-05-08,17:05:57,-07:00,2026-05-08T17:05:57-07:00,0,0
meta\main.js,3,js,e1b83497,Colin-Tran,2026-05-08,17:05:57,-07:00,2026-05-08T17:05:57-07:00,0,25
meta\main.js,4,js,e1b83497,Colin-Tran,2026-05-08,17:05:57,-07:00,2026-05-08T17:05:57-07:00,1,35
meta\main.js,5,js,e1b83497,Colin-Tran,2026-05-08,17:05:57,-07:00,2026-05-08T17:05:57-07:00,1,16
meta\main.js,6,js,e1b83497,Colin-Tran,2026-05-08,17:05:57,-07:00,2026-05-08T17:05:57-07:00,1,10
meta\main.js,7,js,e1b83497,Colin-Tran,2026-05-08,17:05:57,-07:00,2026-05-08T17:05:57-07:00,0,0
meta\main.js,8,js,e1b83497,Colin-Tran,2026-05-08,17:05:57,-07:00,2026-05-08T17:05:57-07:00,0,0
meta\main.js,9,js,e1b83497,Colin-Tran,2026-05-08,17:05:57,-07:00,2026-05-08T17:05:57-07:00,0,29
meta\main.js,10,js,e1b83497,Colin-Tran,2026-05-08,17:05:57,-07:00,2026-05-08T17:05:57-07:00,1,7
meta\main.js,11,js,e1b83497,Colin-Tran,2026-05-08,17:05:57,-07:00,2026-05-08T17:05:57-07:00,2,28
meta\main.js,12,js,e1b83497,Colin-Tran,2026-05-08,17:05:57,-07:00,2026-05-08T17:05:57-07:00,2,25
meta\main.js,13,js,e1b83497,Colin-Tran,2026-05-08,17:05:57,-07:00,2026-05-08T17:05:57-07:00,3,19
meta\main.js,14,js,e1b83497,Colin-Tran,2026-05-08,17:05:57,-07:00,2026-05-08T17:05:57-07:00,0,0
meta\main.js,15,js,e1b83497,Colin-Tran,2026-05-08,17:05:57,-07:00,2026-05-08T17:05:57-07:00,3,43
meta\main.js,16,js,e1b83497,Colin-Tran,2026-05-08,17:05:57,-07:00,2026-05-08T17:05:57-07:00,3,38
meta\main.js,17,js,e1b83497,Colin-Tran,2026-05-08,17:05:57,-07:00,2026-05-08T17:05:57-07:00,0,0
meta\main.js,18,js,e1b83497,Colin-Tran,2026-05-08,17:05:57,-07:00,2026-05-08T17:05:57-07:00,3,9
meta\main.js,19,js,e1b83497,Colin-Tran,2026-05-08,17:05:57,-07:00,2026-05-08T17:05:57-07:00,4,9
meta\main.js,20,js,e1b83497,Colin-Tran,2026-05-08,17:05:57,-07:00,2026-05-08T17:05:57-07:00,4,62
meta\main.js,21,js,e1b83497,Colin-Tran,2026-05-08,17:05:57,-07:00,2026-05-08T17:05:57-07:00,4,5
meta\main.js,22,js,e1b83497,Colin-Tran,2026-05-08,17:05:57,-07:00,2026-05-08T17:05:57-07:00,4,3
meta\main.js,23,js,e1b83497,Colin-Tran,2026-05-08,17:05:57,-07:00,2026-05-08T17:05:57-07:00,4,3
meta\main.js,24,js,e1b83497,Colin-Tran,2026-05-08,17:05:57,-07:00,2026-05-08T17:05:57-07:00,4,7
meta\main.js,25,js,e1b83497,Colin-Tran,2026-05-08,17:05:57,-07:00,2026-05-08T17:05:57-07:00,4,7
meta\main.js,26,js,e1b83497,Colin-Tran,2026-05-08,17:05:57,-07:00,2026-05-08T17:05:57-07:00,4,57
meta\main.js,27,js,e1b83497,Colin-Tran,2026-05-08,17:05:57,-07:00,2026-05-08T17:05:57-07:00,4,23
meta\main.js,28,js,e1b83497,Colin-Tran,2026-05-08,17:05:57,-07:00,2026-05-08T17:05:57-07:00,3,0
meta\main.js,29,js,e1b83497,Colin-Tran,2026-05-08,17:05:57,-07:00,2026-05-08T17:05:57-07:00,0,0
meta\main.js,30,js,e1b83497,Colin-Tran,2026-05-08,17:05:57,-07:00,2026-05-08T17:05:57-07:00,3,35
meta\main.js,31,js,e1b83497,Colin-Tran,2026-05-08,17:05:57,-07:00,2026-05-08T17:05:57-07:00,4,11
meta\main.js,32,js,e1b83497,Colin-Tran,2026-05-08,17:05:57,-07:00,2026-05-08T17:05:57-07:00,4,17
meta\main.js,33,js,e1b83497,Colin-Tran,2026-05-08,17:05:57,-07:00,2026-05-08T17:05:57-07:00,4,13
meta\main.js,34,js,e1b83497,Colin-Tran,2026-05-08,17:05:57,-07:00,2026-05-08T17:05:57-07:00,4,16
meta\main.js,35,js,e1b83497,Colin-Tran,2026-05-08,17:05:57,-07:00,2026-05-08T17:05:57-07:00,3,1
meta\main.js,36,js,e1b83497,Colin-Tran,2026-05-08,17:05:57,-07:00,2026-05-08T17:05:57-07:00,0,0
meta\main.js,37,js,e1b83497,Colin-Tran,2026-05-08,17:05:57,-07:00,2026-05-08T17:05:57-07:00,3,9
meta\main.js,38,js,e1b83497,Colin-Tran,2026-05-08,17:05:57,-07:00,2026-05-08T17:05:57-07:00,2,1
meta\main.js,39,js,e1b83497,Colin-Tran,2026-05-08,17:05:57,-07:00,2026-05-08T17:05:57-07:00,0,0
meta\main.js,40,js,e1b83497,Colin-Tran,2026-05-08,17:05:57,-07:00,2026-05-08T17:05:57-07:00,0,0
meta\main.js,41,js,40d16691,Colin-Tran,2026-05-08,17:18:24,-07:00,2026-05-08T17:18:24-07:00,0,40
meta\main.js,42,js,40d16691,Colin-Tran,2026-05-08,17:18:24,-07:00,2026-05-08T17:18:24-07:00,1,22
meta\main.js,43,js,40d16691,Colin-Tran,2026-05-08,17:18:24,-07:00,2026-05-08T17:18:24-07:00,1,65
meta\main.js,44,js,40d16691,Colin-Tran,2026-05-08,17:18:24,-07:00,2026-05-08T17:18:24-07:00,0,0
meta\main.js,45,js,40d16691,Colin-Tran,2026-05-08,17:18:24,-07:00,2026-05-08T17:18:24-07:00,1,14
meta\main.js,46,js,40d16691,Colin-Tran,2026-05-08,17:18:24,-07:00,2026-05-08T17:18:24-07:00,1,67
meta\main.js,47,js,40d16691,Colin-Tran,2026-05-08,17:18:24,-07:00,2026-05-08T17:18:24-07:00,1,32
meta\main.js,48,js,40d16691,Colin-Tran,2026-05-08,17:18:24,-07:00,2026-05-08T17:18:24-07:00,0,0
meta\main.js,49,js,40d16691,Colin-Tran,2026-05-08,17:18:24,-07:00,2026-05-08T17:18:24-07:00,1,18
meta\main.js,50,js,40d16691,Colin-Tran,2026-05-08,17:18:24,-07:00,2026-05-08T17:18:24-07:00,1,36
meta\main.js,51,js,40d16691,Colin-Tran,2026-05-08,17:18:24,-07:00,2026-05-08T17:18:24-07:00,1,35
meta\main.js,52,js,40d16691,Colin-Tran,2026-05-08,17:18:24,-07:00,2026-05-08T17:18:24-07:00,0,0
meta\main.js,53,js,40d16691,Colin-Tran,2026-05-08,17:18:24,-07:00,2026-05-08T17:18:24-07:00,1,28
meta\main.js,54,js,40d16691,Colin-Tran,2026-05-08,17:18:24,-07:00,2026-05-08T17:18:24-07:00,1,50
meta\main.js,55,js,40d16691,Colin-Tran,2026-05-08,17:18:24,-07:00,2026-05-08T17:18:24-07:00,1,28
meta\main.js,56,js,40d16691,Colin-Tran,2026-05-08,17:18:24,-07:00,2026-05-08T17:18:24-07:00,1,29
meta\main.js,57,js,40d16691,Colin-Tran,2026-05-08,17:18:24,-07:00,2026-05-08T17:18:24-07:00,0,0
meta\main.js,58,js,40d16691,Colin-Tran,2026-05-08,17:18:24,-07:00,2026-05-08T17:18:24-07:00,1,42
meta\main.js,59,js,40d16691,Colin-Tran,2026-05-08,17:18:24,-07:00,2026-05-08T17:18:24-07:00,1,36
meta\main.js,60,js,40d16691,Colin-Tran,2026-05-08,17:18:24,-07:00,2026-05-08T17:18:24-07:00,1,29
meta\main.js,61,js,40d16691,Colin-Tran,2026-05-08,17:18:24,-07:00,2026-05-08T17:18:24-07:00,1,0
meta\main.js,62,js,40d16691,Colin-Tran,2026-05-08,17:18:24,-07:00,2026-05-08T17:18:24-07:00,1,51
meta\main.js,63,js,40d16691,Colin-Tran,2026-05-08,17:18:24,-07:00,2026-05-08T17:18:24-07:00,1,42
meta\main.js,64,js,40d16691,Colin-Tran,2026-05-08,17:18:24,-07:00,2026-05-08T17:18:24-07:00,1,45
meta\main.js,65,js,40d16691,Colin-Tran,2026-05-08,17:18:24,-07:00,2026-05-08T17:18:24-07:00,0,0
meta\main.js,66,js,40d16691,Colin-Tran,2026-05-08,17:18:24,-07:00,2026-05-08T17:18:24-07:00,1,52
meta\main.js,67,js,40d16691,Colin-Tran,2026-05-08,17:18:24,-07:00,2026-05-08T17:18:24-07:00,1,34
meta\main.js,68,js,40d16691,Colin-Tran,2026-05-08,17:18:24,-07:00,2026-05-08T17:18:24-07:00,1,31
meta\main.js,69,js,40d16691,Colin-Tran,2026-05-08,17:18:24,-07:00,2026-05-08T17:18:24-07:00,0,0
meta\main.js,70,js,40d16691,Colin-Tran,2026-05-08,17:18:24,-07:00,2026-05-08T17:18:24-07:00,2,0
meta\main.js,71,js,e1b83497,Colin-Tran,2026-05-08,17:05:57,-07:00,2026-05-08T17:05:57-07:00,0,26
meta\main.js,72,js,e1b83497,Colin-Tran,2026-05-08,17:05:57,-07:00,2026-05-08T17:05:57-07:00,0,33
meta\main.js,73,js,e1b83497,Colin-Tran,2026-05-08,17:05:57,-07:00,2026-05-08T17:05:57-07:00,0,0
meta\main.js,74,js,40d16691,Colin-Tran,2026-05-08,17:18:24,-07:00,2026-05-08T17:18:24-07:00,0,19
meta\main.js,75,js,40d16691,Colin-Tran,2026-05-08,17:18:24,-07:00,2026-05-08T17:18:24-07:00,0,0
meta\main.js,76,js,40d16691,Colin-Tran,2026-05-08,17:18:24,-07:00,2026-05-08T17:18:24-07:00,0,30
meta\index.html,1,html,e1b83497,Colin-Tran,2026-05-08,17:05:57,-07:00,2026-05-08T17:05:57-07:00,0,13
meta\index.html,2,html,e1b83497,Colin-Tran,2026-05-08,17:05:57,-07:00,2026-05-08T17:05:57-07:00,0,14
meta\index.html,3,html,e1b83497,Colin-Tran,2026-05-08,17:05:57,-07:00,2026-05-08T17:05:57-07:00,0,4
meta\index.html,4,html,e1b83497,Colin-Tran,2026-05-08,17:05:57,-07:00,2026-05-08T17:05:57-07:00,1,22
meta\index.html,5,html,e1b83497,Colin-Tran,2026-05-08,17:05:57,-07:00,2026-05-08T17:05:57-07:00,1,70
meta\index.html,6,html,e1b83497,Colin-Tran,2026-05-08,17:05:57,-07:00,2026-05-08T17:05:57-07:00,0,0
meta\index.html,7,html,e1b83497,Colin-Tran,2026-05-08,17:05:57,-07:00,2026-05-08T17:05:57-07:00,1,26
meta\index.html,8,html,e1b83497,Colin-Tran,2026-05-08,17:05:57,-07:00,2026-05-08T17:05:57-07:00,0,0
meta\index.html,9,html,e1b83497,Colin-Tran,2026-05-08,17:05:57,-07:00,2026-05-08T17:05:57-07:00,1,41
meta\index.html,10,html,e1b83497,Colin-Tran,2026-05-08,17:05:57,-07:00,2026-05-08T17:05:57-07:00,0,0
meta\index.html,11,html,e1b83497,Colin-Tran,2026-05-08,17:05:57,-07:00,2026-05-08T17:05:57-07:00,1,48
meta\index.html,12,html,e1b83497,Colin-Tran,2026-05-08,17:05:57,-07:00,2026-05-08T17:05:57-07:00,1,43
meta\index.html,13,html,e1b83497,Colin-Tran,2026-05-08,17:05:57,-07:00,2026-05-08T17:05:57-07:00,1,0
meta\index.html,14,html,e1b83497,Colin-Tran,2026-05-08,17:05:57,-07:00,2026-05-08T17:05:57-07:00,0,5
meta\index.html,15,html,e1b83497,Colin-Tran,2026-05-08,17:05:57,-07:00,2026-05-08T17:05:57-07:00,0,0
meta\index.html,16,html,e1b83497,Colin-Tran,2026-05-08,17:05:57,-07:00,2026-05-08T17:05:57-07:00,0,4
meta\index.html,17,html,e1b83497,Colin-Tran,2026-05-08,17:05:57,-07:00,2026-05-08T17:05:57-07:00,1,20
meta\index.html,18,html,e1b83497,Colin-Tran,2026-05-08,17:05:57,-07:00,2026-05-08T17:05:57-07:00,0,0
meta\index.html,19,html,e1b83497,Colin-Tran,2026-05-08,17:05:57,-07:00,2026-05-08T17:05:57-07:00,1,1
meta\index.html,20,html,e1b83497,Colin-Tran,2026-05-08,17:05:57,-07:00,2026-05-08T17:05:57-07:00,2,73
meta\index.html,21,html,e1b83497,Colin-Tran,2026-05-08,17:05:57,-07:00,2026-05-08T17:05:57-07:00,2,57
meta\index.html,22,html,e1b83497,Colin-Tran,2026-05-08,17:05:57,-07:00,2026-05-08T17:05:57-07:00,1,2
meta\index.html,23,html,e1b83497,Colin-Tran,2026-05-08,17:05:57,-07:00,2026-05-08T17:05:57-07:00,0,5
meta\index.html,24,html,e1b83497,Colin-Tran,2026-05-08,17:05:57,-07:00,2026-05-08T17:05:57-07:00,0,5
contact\index.html,1,html,d3b0d7ed,Colin-Tran,2026-04-03,23:31:36,-07:00,2026-04-03T23:31:36-07:00,0,13
contact\index.html,2,html,d3b0d7ed,Colin-Tran,2026-04-03,23:31:36,-07:00,2026-04-03T23:31:36-07:00,0,14
contact\index.html,3,html,d3b0d7ed,Colin-Tran,2026-04-03,23:31:36,-07:00,2026-04-03T23:31:36-07:00,0,4
contact\index.html,4,html,d3b0d7ed,Colin-Tran,2026-04-03,23:31:36,-07:00,2026-04-03T23:31:36-07:00,2,20
contact\index.html,5,html,d3b0d7ed,Colin-Tran,2026-04-03,23:31:36,-07:00,2026-04-03T23:31:36-07:00,2,68
contact\index.html,6,html,d3b0d7ed,Colin-Tran,2026-04-03,23:31:36,-07:00,2026-04-03T23:31:36-07:00,2,23
contact\index.html,7,html,cf8baa8c,Colin-Tran,2026-04-03,23:46:29,-07:00,2026-04-03T23:46:29-07:00,2,41
contact\index.html,8,html,cdc80e50,Colin-Tran,2026-04-15,18:18:12,-07:00,2026-04-15T18:18:12-07:00,2,48
contact\index.html,9,html,d3b0d7ed,Colin-Tran,2026-04-03,23:31:36,-07:00,2026-04-03T23:31:36-07:00,0,5
contact\index.html,10,html,d3b0d7ed,Colin-Tran,2026-04-03,23:31:36,-07:00,2026-04-03T23:31:36-07:00,0,4
contact\index.html,11,html,868361e9,Colin-Tran,2026-04-17,14:57:28,-07:00,2026-04-17T14:57:28-07:00,0,0
contact\index.html,12,html,504b0c74,Colin-Tran,2026-04-03,23:34:59,-07:00,2026-04-03T23:34:59-07:00,2,78
contact\index.html,13,html,504b0c74,Colin-Tran,2026-04-03,23:34:59,-07:00,2026-04-03T23:34:59-07:00,0,0
contact\index.html,14,html,504b0c74,Colin-Tran,2026-04-03,23:34:59,-07:00,2026-04-03T23:34:59-07:00,1,5
contact\index.html,15,html,504b0c74,Colin-Tran,2026-04-03,23:34:59,-07:00,2026-04-03T23:34:59-07:00,2,9
contact\index.html,16,html,504b0c74,Colin-Tran,2026-04-03,23:34:59,-07:00,2026-04-03T23:34:59-07:00,2,31
contact\index.html,17,html,504b0c74,Colin-Tran,2026-04-03,23:34:59,-07:00,2026-04-03T23:34:59-07:00,1,6
contact\index.html,18,html,504b0c74,Colin-Tran,2026-04-03,23:34:59,-07:00,2026-04-03T23:34:59-07:00,0,0
contact\index.html,19,html,504b0c74,Colin-Tran,2026-04-03,23:34:59,-07:00,2026-04-03T23:34:59-07:00,1,5
contact\index.html,20,html,504b0c74,Colin-Tran,2026-04-03,23:34:59,-07:00,2026-04-03T23:34:59-07:00,2,6
contact\index.html,21,html,504b0c74,Colin-Tran,2026-04-03,23:34:59,-07:00,2026-04-03T23:34:59-07:00,2,20
contact\index.html,22,html,504b0c74,Colin-Tran,2026-04-03,23:34:59,-07:00,2026-04-03T23:34:59-07:00,1,6
contact\index.html,23,html,504b0c74,Colin-Tran,2026-04-03,23:34:59,-07:00,2026-04-03T23:34:59-07:00,0,0
contact\index.html,24,html,504b0c74,Colin-Tran,2026-04-03,23:34:59,-07:00,2026-04-03T23:34:59-07:00,1,5
contact\index.html,25,html,f4e73021,Colin-Tran,2026-04-10,22:34:51,-07:00,2026-04-10T22:34:51-07:00,2,6
contact\index.html,26,html,504b0c74,Colin-Tran,2026-04-03,23:34:59,-07:00,2026-04-03T23:34:59-07:00,2,31
contact\index.html,27,html,504b0c74,Colin-Tran,2026-04-03,23:34:59,-07:00,2026-04-03T23:34:59-07:00,1,6
contact\index.html,28,html,504b0c74,Colin-Tran,2026-04-03,23:34:59,-07:00,2026-04-03T23:34:59-07:00,0,0
contact\index.html,29,html,0e8f3dc6,Colin-Tran,2026-04-03,23:35:34,-07:00,2026-04-03T23:35:34-07:00,1,21
contact\index.html,30,html,504b0c74,Colin-Tran,2026-04-03,23:34:59,-07:00,2026-04-03T23:34:59-07:00,0,0
contact\index.html,31,html,504b0c74,Colin-Tran,2026-04-03,23:34:59,-07:00,2026-04-03T23:34:59-07:00,0,5
contact\index.html,32,html,d3b0d7ed,Colin-Tran,2026-04-03,23:31:36,-07:00,2026-04-03T23:31:36-07:00,0,5
contact\index.html,33,html,d3b0d7ed,Colin-Tran,2026-04-03,23:31:36,-07:00,2026-04-03T23:31:36-07:00,0,5
